BlockId,EventSequence
blk_38865049064139660,['dc2c74b7']
blk_-6952295868487656571,['dc2c74b7']
blk_7128370237687728475,['5d5de21c']
blk_8229193803249955061,['dc2c74b7']
blk_-6670958622368987959,['dc2c74b7']
blk_3050920587428079149,['5d5de21c']
blk_7888946331804732825,['5d5de21c']
blk_2377150260128098806,['5d5de21c']
blk_572492839287299681,['dc2c74b7']
blk_3587508140051953248,['e3df2680']
blk_5402003568334525940,['e3df2680']
blk_5792489080791696128,['09a53393']
blk_1724757848743533110,['09a53393']
blk_8015913224713045110,['5d5de21c']
blk_-5623176793330377570,['09a53393']
blk_-1727475099218615100,['3d91fa85']
blk_5017373558217225674,['dc2c74b7']
blk_9212264480425680329,['e3df2680']
blk_-7878121102358435702,['3d91fa85']
blk_4568434182693165548,['5d5de21c']
blk_-5704899712662113150,['e3df2680']
blk_-4794867979917102672,['5d5de21c']
blk_8763662564934652249,['5d5de21c']
blk_-5861636720645142679,['e3df2680']
blk_7453815855294711849,['5d5de21c']
blk_-28342503914935090,['09a53393']
blk_8291449241650212794,['e3df2680']
blk_-5319073033164653435,['3d91fa85']
blk_-4980916519894289629,['32777b38']
blk_-5974833545991408899,['e3df2680']
blk_-5009020203888190378,['09a53393']
blk_6921674711959888070,['e3df2680']
blk_5165786360127153975,['5d5de21c']
blk_2937758977269298350,['09a53393']
blk_673825774073966710,['5d5de21c']
blk_-7526945448667194862,['e3df2680']
blk_-2094397855762091248,['e3df2680']
blk_-8523968015014407246,['e3df2680']
blk_8181993091797661153,['5d5de21c']
blk_-6276023454199613372,['09a53393']
blk_4755566011267050000,['e3df2680']
blk_-3909548841543565741,['e3df2680']
blk_-6809181994368905854,['09a53393']
blk_8829027411458566099,['e3df2680']
blk_-29548654251973735,['5d5de21c']
blk_-5073870177832699716,['dc2c74b7']
blk_-8241093737585222406,['e3df2680']
blk_-2480595760294717232,['5d5de21c']
blk_7791237942696729620,['dc2c74b7']
blk_2113880130496815041,['5d5de21c']
blk_1064470652608359218,['e3df2680']
blk_-1661553043410372067,['5d5de21c']
blk_-1527267659500322006,['dc2c74b7']
blk_4886940526690879848,['dc2c74b7']
blk_-2452477352812192142,['e3df2680']
blk_-4229375751333894621,['dc2c74b7']
blk_-774267833966018354,['09a53393']
blk_2513940824125131775,['3d91fa85']
blk_-1282453782148343691,['3d91fa85']
blk_-518701095493827363,['e3df2680']
blk_-2530087534157630851,['5d5de21c']
blk_427714267500527780,['5d5de21c']
blk_-967145856473901804,['e3df2680']
blk_8408125361497769001,['e3df2680']
blk_-1614641487214609125,['e3df2680']
blk_7577595658377008671,['e3df2680']
blk_3777400576053320362,['e3df2680']
blk_-5852844080027817147,['dc2c74b7']
blk_-2129171714384027465,['e3df2680']
blk_-2827716238972737794,['32777b38']
blk_-3509323198988774369,['09a53393']
blk_9093049293972551787,['dc2c74b7']
blk_1781953582842324563,['dba996ef']
blk_-7724713468912166542,['626085d5']
blk_-3358448553918665902,['626085d5']
blk_-5341992729755584578,['626085d5']
blk_3166960787499091856,['626085d5']
blk_-2918118818249673980,['81cee340']
blk_8376667364205250596,['81cee340']
blk_-2794533871450434534,['626085d5']
blk_3763728533434719668,['81cee340']
blk_6241141267506413726,['81cee340']
blk_-6520030462660619051,['626085d5']
blk_8466246428293623262,['81cee340']
blk_-3140754468249228022,['81cee340']
blk_3441699978641526775,['81cee340']
blk_5739119717322549945,['626085d5']
blk_-305633040016166849,['81cee340']
blk_-6290631608800952376,['81cee340']
blk_8787656642683881295,['626085d5']
blk_-4841792440390267307,['81cee340']
blk_5126469776250053435,['81cee340']
blk_-2032740670708110312,['81cee340']
blk_-62891505109755100,['81cee340']
blk_2244903517044280975,['81cee340']
blk_5905933788014151041,['81cee340']
blk_6296828743242110158,['626085d5']
blk_2969087638814291714,['81cee340']
blk_2879780987351022871,['81cee340']
blk_4934527196392001803,['81cee340']
blk_7517964792804498202,['81cee340']
blk_7940316270494947483,['81cee340']
blk_7154985168984871115,['81cee340']
blk_-6867873931012347356,['e3df2680']
blk_6093743385844975689,['5d5de21c']
blk_8692428775973608797,['09a53393']
blk_-6837050820114491742,['dc2c74b7']
blk_-5195432543794777448,['e3df2680']
blk_1636660629634995787,['5d5de21c']
blk_467589865104023338,['5d5de21c']
blk_7929144620252342335,['e3df2680']
blk_-1798958443298220150,['09a53393']
blk_-54240672253074715,['dc2c74b7']
blk_-7172347691639518373,['09a53393']
blk_-6412155847905320411,['09a53393']
blk_699651392443620263,['09a53393']
blk_-8788032532930439012,['09a53393']
blk_-3455521536483250153,['e3df2680']
blk_-7017553867379051457,['5d5de21c']
blk_-1259190292740306590,['09a53393']
blk_-6620182933895093708,['3d91fa85']
blk_2028803850179311599,['dc2c74b7']
blk_-8562334328670278932,['09a53393']
blk_-8108913101671416218,['dc2c74b7']
blk_-7640601843607665080,['dc2c74b7']
blk_7654726977769174867,['09a53393']
blk_8320088109701056055,['dc2c74b7']
blk_4585055992495043771,['5d5de21c']
blk_-4330512786228504138,['e3df2680']
blk_4628142183191390143,['5d5de21c']
blk_-6766351519628312408,['dc2c74b7']
blk_-476906696485288376,['5d5de21c']
blk_-7436749154361133879,['dc2c74b7']
blk_7061131805920430446,['09a53393']
blk_-684595390732854503,['e3df2680']
blk_-6956067134432991406,['5d5de21c']
blk_549647953114643908,['dc2c74b7']
blk_559204981722276126,['3d91fa85']
blk_-165500353496111884,['dc2c74b7']
blk_-7105305952901940477,['3d91fa85']
blk_-9103764593642564543,['09a53393']
blk_3160319368100972992,['dc2c74b7']
blk_-562725280853087685,['e3df2680']
blk_4568377692254637284,['dc2c74b7']
blk_-5217146995455608468,['09a53393']
blk_7481361125021302112,['5d5de21c']
blk_-71429470616906355,['e3df2680']
blk_-522892190802801712,['09a53393']
blk_-3249711809227781266,['5d5de21c']
blk_-6329494504520216748,['09a53393']
blk_-207775976836691685,['3d91fa85']
blk_5114010683183383297,['5d5de21c']
blk_-7656610147924319419,['dc2c74b7']
blk_2096692261399680562,['3d91fa85']
blk_-6500549130351529113,['dc2c74b7']
blk_-8255732027871411321,['09a53393']
blk_-2896670847306153652,['dc2c74b7']
blk_-8856628810470361280,['09a53393']
blk_3463540868626173125,['e3df2680']
blk_-5309211894896608429,['e3df2680']
blk_-1055254430948037872,['5d5de21c']
blk_3962600675982666210,['09a53393']
blk_-730776401372551814,['dc2c74b7']
blk_-7553009628768897700,['dc2c74b7']
blk_3068335169639013019,['e3df2680']
blk_-9069971851590882719,['5d5de21c']
blk_-8924134715029713489,['5d5de21c']
blk_278357163850888,['5d5de21c']
blk_-5135777574223073423,['09a53393']
blk_-1148756466197125339,['dc2c74b7']
blk_9074030793567748915,['dc2c74b7']
blk_-4067446915270471579,['e3df2680']
blk_3259872359515191972,['dc2c74b7']
blk_5963816136267066159,['dc2c74b7']
blk_-210021574616486609,['3d91fa85']
blk_-1547954353065580372,['32777b38']
blk_-8524274644018377752,['09a53393']
blk_-2015110815660478655,['09a53393']
blk_7484759945731484842,['e3df2680']
blk_-4110733372292809607,['5d5de21c']
blk_-7152190882826520998,['e3df2680']
blk_-6543889749770222531,['09a53393']
blk_8772892713521115147,['e3df2680']
blk_-6979800421545566530,['e3df2680']
blk_8935202950442998446,['3d91fa85']
blk_-4799092443170733505,['dc2c74b7']
blk_-3010126661650043258,['3d91fa85']
blk_-5215520749152394224,['dc2c74b7']
blk_397848436489409658,['dc2c74b7']
blk_-9181958042427679309,['5d5de21c']
blk_-5124326558394984439,['e3df2680']
blk_-4741127506068309449,['5d5de21c']
blk_-4937215748597091532,['dc2c74b7']
blk_541463031152673662,['5d5de21c']
blk_-7514806214244798312,['e3df2680']
blk_-7007208336332784130,['e3df2680']
blk_6996194389878584395,['32777b38']
blk_-6836642008179678048,['5d5de21c']
blk_8060713381303305129,['dc2c74b7']
blk_5760391051658436046,['09a53393']
blk_-7866582011201618766,['3d91fa85']
blk_-7555801584297376435,['5d5de21c']
blk_-5949883083428548093,['5d5de21c']
blk_-9162090767925303921,['3d91fa85']
blk_-4196449318426994195,['dc2c74b7']
blk_4238127626194855481,['09a53393']
blk_-3805070405372551730,['e3df2680']
blk_-2013946318750925538,['e3df2680']
blk_3278280638950561822,['dc2c74b7']
blk_-26568864070436835,['dc2c74b7']
blk_-9161369067334198861,['dc2c74b7']
blk_-1094025072435547068,['e3df2680']
blk_6534693994677948144,['e3df2680']
blk_7672124247291403094,['09a53393']
blk_-5569558931000121451,['dc2c74b7']
blk_-4566099704755845087,['dc2c74b7']
blk_-8093500164295459838,['dc2c74b7']
blk_-3787594914477940893,['e3df2680']
blk_426381928692704514,['e3df2680']
blk_-7413910507260978729,['3d91fa85']
blk_4774656339381154282,['dc2c74b7']
blk_-8227485321105019293,['09a53393']
blk_5210211633167259832,['5d5de21c']
blk_2917692073041583988,['dc2c74b7']
blk_-8558845834445970595,['5d5de21c']
blk_3852281952649038166,['e3df2680']
blk_-5442040196315589272,['dc2c74b7']
blk_-6486714614940767660,['09a53393']
blk_755689327380778318,['dc2c74b7']
blk_-8847552694913526632,['e3df2680']
blk_7736147489540456118,['e3df2680']
blk_-3677956642639780952,['e3df2680']
blk_3073404534069578592,['5d5de21c']
blk_1498192967843651378,['e3df2680']
blk_148513789886825227,['09a53393']
blk_7229716389774599497,['09a53393']
blk_4741107979793372752,['dc2c74b7']
blk_691517018986659607,['09a53393']
blk_6002109944224710483,['5d5de21c']
blk_5095897972833086609,['5d5de21c']
blk_-3802183646922512795,['dc2c74b7']
blk_9072829105973334075,['5d5de21c']
blk_4841101867353115844,['3d91fa85']
blk_1997668456720275587,['dc2c74b7']
blk_3304535870056962597,['e3df2680']
blk_-4853183643928986291,['dc2c74b7']
blk_6828121630547887549,['5d5de21c']
blk_3084588477220583373,['e3df2680']
blk_-653434419514937486,['dc2c74b7']
blk_1104376461837247304,['3d91fa85']
blk_-5511630179413516751,['5d5de21c']
blk_4404895858852856851,['dc2c74b7']
blk_-591552904934794824,['3d91fa85']
blk_-8408087700903896282,['3d91fa85']
blk_-5404881839098659470,['5d5de21c']
blk_703046261120042821,['dc2c74b7']
blk_-488298625688742454,['3d91fa85']
blk_6465095458973828118,['dc2c74b7']
blk_-9110604833387121363,['dc2c74b7']
blk_5977008528949258706,['09a53393']
blk_3781645897486585075,['dc2c74b7']
blk_-1635752698830216319,['5d5de21c']
blk_3070718541088657475,['dc2c74b7']
blk_-1674094254141559552,['3d91fa85']
blk_6080034782037237879,['5d5de21c']
blk_-8645365827804358878,['3d91fa85']
blk_3291173852929756766,['3d91fa85']
blk_892900079071425422,['e3df2680']
blk_2243777557693112935,['dc2c74b7']
blk_-8192956077351896648,['e3df2680']
blk_5250287988089075029,['e3df2680']
blk_446513188203036714,['5d5de21c']
blk_-2020273862360001901,['e3df2680']
blk_3338047823148530794,['dc2c74b7']
blk_4210124392039605712,['3d91fa85']
blk_-6330812010936261924,['5d5de21c']
blk_-8380267327243110056,['3d91fa85']
blk_-8077373411465716253,['5d5de21c']
blk_-9198375937828232046,['dc2c74b7']
blk_9107849594802857322,['dc2c74b7']
blk_271142976916798281,['09a53393']
blk_4029732570544915384,['e3df2680']
blk_679168189072909208,['dc2c74b7']
blk_6285161494041403917,['5d5de21c']
blk_-5306443381473737599,['e3df2680']
blk_-2466006073687914843,['dc2c74b7']
blk_-6995454028444097802,['5d5de21c']
blk_344934934043642744,['5d5de21c']
blk_4984720043834039361,['5d5de21c']
blk_6398122733993275620,['09a53393']
blk_325981833999429148,['5d5de21c']
blk_2568309208894455676,['d63ef163']
blk_1078000656626961731,['626085d5']
blk_-6900989714336081087,['81cee340']
blk_-8306714721294235181,['626085d5']
blk_-8023826090828946372,['81cee340']
blk_-1367876730256254709,['81cee340']
blk_-3860894070657427592,['626085d5']
blk_-7983508786213002472,['81cee340']
blk_5454332143498402824,['626085d5']
blk_-3384560576963801177,['626085d5']
blk_-2901225370888235702,['626085d5']
blk_3963698556744744747,['626085d5']
blk_2039230511363331616,['626085d5']
blk_8482111101480751895,['626085d5']
blk_-5919767990596301121,['626085d5']
blk_8457344665564381337,['626085d5']
blk_2986720270598512615,['626085d5']
blk_-5719934513583495857,['626085d5']
blk_-7680599654910200999,['81cee340']
blk_-6050976999174805557,['626085d5']
blk_1598414622053793245,['626085d5']
blk_-7837339190764609698,['626085d5']
blk_-8187008844253719581,['626085d5']
blk_4081177399275502985,['626085d5']
blk_3515154079719300106,['626085d5']
blk_5547569777499890340,['81cee340']
blk_5385121219895615240,['626085d5']
blk_-7658293778087733436,['81cee340']
blk_3169060243663461885,['81cee340']
blk_3087787567144441647,['626085d5']
blk_-3657665801189425193,['626085d5']
blk_-3457731723401426942,['626085d5']
blk_6105506155797750768,['626085d5']
blk_-8522942048313632858,['81cee340']
blk_365496398062338141,['626085d5']
blk_3979872751691718643,['626085d5']
blk_-272707591443354058,['81cee340']
blk_-8679916835272129336,['81cee340']
blk_6106884317961925960,['81cee340']
blk_6332892729727950039,['81cee340']
blk_6655622109568310643,['626085d5']
blk_-5935642747315643391,['81cee340']
blk_-20269367189114433,['81cee340']
blk_-7364557883931785608,['626085d5']
blk_2322432806134104317,['626085d5']
blk_4848669047361069041,['626085d5']
blk_-1851265222873801714,['81cee340']
blk_-8495670552887053546,['81cee340']
blk_-7372087176866857012,['81cee340']
blk_4357276972386184626,['81cee340']
blk_-4590972095204776122,['81cee340']
blk_-8277873627721528374,['626085d5']
blk_3797494971676497497,['626085d5']
blk_805587860540600864,['626085d5']
blk_3141363517520802396,['32777b38']
blk_-1383276859207001328,['32777b38']
blk_-4117999745005013424,['32777b38']
blk_4524198807982839635,['81cee340']
blk_7505828172725463922,['81cee340']
blk_424255210146453297,['81cee340']
blk_666713934549639791,['626085d5']
blk_-2975629975082443857,['626085d5']
blk_1686195200514944346,['81cee340']
blk_4355450627202483068,['626085d5']
blk_5952254363678329024,['626085d5']
blk_-667933171485085225,['81cee340']
blk_9188832735514090334,['32777b38']
blk_2273334621242106674,['626085d5']
blk_3790492230047189408,['81cee340']
blk_-2285729896739318683,['626085d5']
blk_-1233005817943453613,['d63ef163']
blk_-8736461628840265232,['d63ef163']
blk_166171721314010075,['d63ef163']
blk_-3362838757940877177,['d63ef163']
blk_-8026264173633579073,['d63ef163']
blk_8350646254685996250,['d63ef163']
blk_-4702684774678057084,['d63ef163']
blk_434034567989619521,['d63ef163']
blk_413552235254424009,['d63ef163']
blk_7177118590277025973,['d63ef163']
blk_2576408434603492552,['d63ef163']
blk_356592557993755459,['d63ef163']
blk_9111860234027679206,['d63ef163']
blk_5178539130945718870,['d63ef163']
blk_-1331750856499198500,['d63ef163']
blk_-3792836284792472725,['d63ef163']
blk_6031076349976322578,['d63ef163']
blk_4438674026376140804,['d63ef163']
blk_1777689952069868672,['d63ef163']
blk_-3275788837420923000,['d63ef163']
blk_-6056336045486998577,['d63ef163']
blk_-5368528328022648701,['d63ef163']
blk_-9056276727170871967,['d63ef163']
blk_-6289001686128460561,['d63ef163']
blk_6855535886504612774,['d63ef163']
blk_-6477590833521072407,['d63ef163']
blk_865453227320668516,['d63ef163']
blk_2149728827322918746,['d63ef163']
blk_6324712740029479576,['d63ef163']
blk_6763863888784019261,['d63ef163']
blk_1543605971733759530,['d63ef163']
blk_-6114220623980201749,['d63ef163']
blk_-945770324989341170,['d63ef163']
blk_-5145886774827574591,['d63ef163']
blk_3598904881888399067,['d63ef163']
blk_-6255015379143356507,['d63ef163']
blk_8247499802516177421,['d63ef163']
blk_-8403618945096094999,['d63ef163']
blk_-2012430628930443984,['d63ef163']
blk_7819984111120374407,['d63ef163']
blk_4499140370762613763,['d63ef163']
blk_2304296078821316612,['d63ef163']
blk_358331073189608564,['d63ef163']
blk_8404604116961181201,['d63ef163']
blk_-3582070652284403613,['d63ef163']
blk_-4954795063440871977,['d63ef163']
blk_-6640779266188771131,['d63ef163']
blk_3858015337960682724,['d63ef163']
blk_570916157110129687,['d63ef163']
blk_-7418499425236853516,['d63ef163']
blk_-7894824934989391122,['d63ef163']
blk_-5005618994659797504,['d63ef163']
blk_7932704730736035192,['d63ef163']
blk_-2834195813213005328,['d63ef163']
blk_-5972745462629982078,['d63ef163']
blk_-7111788899695387329,['d63ef163']
blk_-1110880362999960078,['d63ef163']
blk_6489659315944341351,['d63ef163']
blk_7324196727355442810,['d63ef163']
blk_-2589662411410634043,['d63ef163']
blk_8602496359012842630,['d63ef163']
blk_-133919539232421451,['d63ef163']
blk_-6136511938931864993,['d63ef163']
blk_8871064397020855320,['d63ef163']
blk_8483848473254499625,['dba996ef']
blk_-9188933731705791676,['e3df2680']
blk_-8898274302731129139,['dba996ef']
blk_-8014701913801168461,['dba996ef']
blk_-8775602795571523802,"['dba996ef', 'dba996ef']"
blk_-7928230000822317050,['dba996ef']
blk_8303413189200230139,['dba996ef']
blk_-9038475355621289969,['dba996ef']
blk_4263664068073345850,['e3df2680']
blk_-8848810702648406400,['dba996ef']
blk_-6997219177553478996,['dc2c74b7']
blk_-2230892279625104430,['3d91fa85']
blk_-7515058933811567980,['dba996ef']
blk_-8484827087450439270,['dba996ef']
blk_-8144387882075572886,['dba996ef']
blk_-8383503596684323017,['dba996ef']
blk_-8796256534683400159,['dba996ef']
blk_4098532420907418423,['e3df2680']
blk_-4368236874477798428,['dba996ef']
blk_-4223625526513535681,['dba996ef']
blk_-6400421658804613208,['dba996ef']
blk_-5880591395067598620,['dba996ef']
blk_-7096508472270520039,['dba996ef']
blk_-1939956833921604216,['dba996ef']
blk_-3860035787700398391,['dba996ef']
blk_-6008397446568765070,['dba996ef']
blk_-2425070029518924403,['dba996ef']
blk_826351419727053015,['dba996ef']
blk_-3437475890798229344,['dba996ef']
blk_-1492402439215451727,['dba996ef']
blk_-4298255715894292387,['dba996ef']
blk_-4295805058711840933,['dba996ef']
blk_830855781964014378,['dba996ef']
blk_8291708741145026623,['dba996ef']
blk_-921231092429668424,['dba996ef']
blk_-1581605246928123722,['dba996ef']
blk_-2445347158368483245,['dba996ef']
blk_-1897524391075610396,['dba996ef']
blk_-8588908000680498,['dba996ef']
blk_561417755647618727,['dba996ef']
blk_-6127741703501838658,['dba996ef']
blk_-3636681193077858741,['dba996ef']
blk_-643763844763678010,['dba996ef']
blk_-2826763604408365998,['dba996ef']
blk_2278708746675870163,['dba996ef']
blk_153508158653341141,['dba996ef']
blk_-1775264355226395799,['dba996ef']
blk_-1599621098605751235,['dba996ef']
blk_-1111344660779690782,['dba996ef']
blk_3585588704565901062,['dba996ef']
blk_2756799797410851893,['dba996ef']
blk_7323287581932922676,['dba996ef']
blk_-4935573595350235765,['e3df2680']
blk_496376132244907301,['3d91fa85']
blk_2731617036199392057,['dba996ef']
blk_7190156588310412626,['dba996ef']
blk_8189008752707332487,['dba996ef']
blk_6828263829429857572,['dba996ef']
blk_8492196963764530259,['dba996ef']
blk_7942183449206967755,['dba996ef']
blk_6223504502438507199,['dba996ef']
blk_7519257846502835091,['dba996ef']
blk_5272005015837990021,['dba996ef']
blk_7090935285617451450,['dba996ef']
blk_8145984793403459836,['dba996ef']
blk_7603278760520020831,['dba996ef']
blk_9169945668827621796,['dba996ef']
blk_-5668584889663038916,['e3df2680']
blk_5277338321835341602,['5d5de21c']
blk_6973321719929905054,['dba996ef']
blk_5948455948626091880,['dba996ef']
blk_-3684613761619321001,['5d5de21c']
blk_6497260538939100482,['dba996ef']
blk_-6991853982611346454,['dc2c74b7']
blk_6140788650991100539,['3d91fa85']
blk_7754477838724397551,['dba996ef']
blk_-3452734573703603740,['dc2c74b7']
blk_-4034227974316905164,['e3df2680']
blk_-2016403519138424998,['3d91fa85']
blk_2972699288862031202,['09a53393']
blk_-4956232013010963754,['09a53393']
blk_8894334107354324777,['5d5de21c']
blk_-6035642070260562886,['dc2c74b7']
blk_4802366409699286298,['5d5de21c']
blk_-1753161039594546561,['09a53393']
blk_859668537217019080,['dc2c74b7']
blk_-2073265102548439691,['3d91fa85']
blk_3083630442630693250,['e3df2680']
blk_-4624597753370705281,['dc2c74b7']
blk_-5236578579938215340,['e3df2680']
blk_-6592952246351162022,['5d5de21c']
blk_-3329473910909732817,['5d5de21c']
blk_-1347057913082589493,['dba996ef']
blk_-8198423074054354279,['09a53393']
blk_391813102554451063,['dc2c74b7']
blk_-6449891932967810179,['5d5de21c']
blk_-8563999607069929505,['09a53393']
blk_-4304240611296196935,['dba996ef']
blk_-3663004104512304532,['5d5de21c']
blk_-6909607053783233975,['3d91fa85']
blk_-2141627858612526069,['e3df2680']
blk_5272731391668336674,['09a53393']
blk_5491101910066444061,['5d5de21c']
blk_5075966182561035053,['dba996ef']
blk_-5421365489363678155,['e3df2680']
blk_2294700909811950327,['e3df2680']
blk_7224257732880626802,['e3df2680']
blk_-8049908920306758342,['e3df2680']
blk_-6582383997201802925,['5d5de21c']
blk_6746178639682808096,['e3df2680']
blk_-5363213609331400263,['5d5de21c']
blk_-5586529360624346565,['e3df2680']
blk_2063252936853409868,['e3df2680']
blk_8752665860595246441,['09a53393']
blk_2974262690755997396,['dc2c74b7']
blk_-7030770677241078854,['5d5de21c']
blk_3318864983801406136,['dc2c74b7']
blk_-5255262711039499896,['3d91fa85']
blk_-3612946656596896413,['09a53393']
blk_8751697793900992450,['e3df2680']
blk_5816171803790152026,['09a53393']
blk_-6068587951382721748,['5d5de21c']
blk_5782729236964719738,['3d91fa85']
blk_-2856928563366064757,['e3df2680']
blk_8348114876238571434,['dc2c74b7']
blk_1744485040428751334,['09a53393']
blk_-7592643790414500555,['3d91fa85']
blk_-5960135894031733009,['e3df2680']
blk_8952177028039691517,['5d5de21c']
blk_939695665085237271,['5d5de21c']
blk_6374836031306809839,['3d91fa85']
blk_1394107495884949139,['09a53393']
blk_-1751996688557225241,['dc2c74b7']
blk_-3990317238913332296,['5d5de21c']
blk_7837529475466774167,['dc2c74b7']
blk_1057763407402503745,['09a53393']
blk_8988793695103110546,['5d5de21c']
blk_-5340841684362207777,['e3df2680']
blk_-2600305892036631113,['5d5de21c']
blk_-2144263949276079479,['5d5de21c']
blk_-6927870228542972281,['09a53393']
blk_6610244864386894422,['dc2c74b7']
blk_774612454978154966,['32777b38']
blk_6672666770563118759,['09a53393']
blk_4783621682384104986,['09a53393']
blk_-1387034299358896632,['dc2c74b7']
blk_-5012639079435860269,['5d5de21c']
blk_5600017220681756254,['e3df2680']
blk_8235751201501175836,['09a53393']
blk_-8838161455213213548,['09a53393']
blk_-3741526967786688540,['e3df2680']
blk_120277101968534224,['e3df2680']
blk_7535677865140289610,['09a53393']
blk_-5814328448485070742,['e3df2680']
blk_1021828391502582165,['5d5de21c']
blk_3202507081359904616,['5d5de21c']
blk_102441832197223997,['09a53393']
blk_3242229894054064344,['e3df2680']
blk_-7601381921195183756,['dba996ef']
blk_2157471834570224881,['e3df2680']
blk_-7029628814943626474,"['e3df2680', '81cee340']"
blk_-931590117143327078,['09a53393']
blk_4967492069970766092,['dc2c74b7']
blk_-1485317050914225917,['dc2c74b7']
blk_1727371778357941761,['09a53393']
blk_-2402036602753320612,['5d5de21c']
blk_-1849105860762445186,['e3df2680']
blk_-7820996703068538967,['09a53393']
blk_4984150784048864430,['3d91fa85']
blk_1646909113279517647,['e3df2680']
blk_-8145226289286457574,['5d5de21c']
blk_5809900021002850724,['5d5de21c']
blk_2735034460607366827,['09a53393']
blk_-7486746679002157277,['09a53393']
blk_-8876879715755468215,['09a53393']
blk_-4139299269696044017,['3d91fa85']
blk_591323161994959677,['09a53393']
blk_-5828360070550196756,['dc2c74b7']
blk_-7683667795522321323,['dc2c74b7']
blk_7733243482102436613,['09a53393']
blk_2980964138205299397,['09a53393']
blk_1589878256898761558,['5d5de21c']
blk_-2746863406163228797,['09a53393']
blk_3067558337579347170,['09a53393']
blk_8992894896370738220,['09a53393']
blk_-7230947007726948080,['09a53393']
blk_1869228153483717375,['09a53393']
blk_-3949633496933134307,['5d5de21c']
blk_-8745453424063341007,['dc2c74b7']
blk_-2117066166574895060,['e3df2680']
blk_512039711533506696,['5d5de21c']
blk_6017354285686373326,['dc2c74b7']
blk_5176855630425795751,['5d5de21c']
blk_-4433556521525567493,['e3df2680']
blk_-5321676321043683563,['dc2c74b7']
blk_-357695136519539363,['dc2c74b7']
blk_-7603740654202748654,['5d5de21c']
blk_1279439901767890758,['dc2c74b7']
blk_8942969309743886844,['09a53393']
blk_469871968689793326,['e3df2680']
blk_2847401988110989655,['3d91fa85']
blk_4307207852226914003,['5d5de21c']
blk_3506875694435075421,['5d5de21c']
blk_-4945182943709543868,['5d5de21c']
blk_7550266985912909372,['3d91fa85']
blk_-4619809198345103330,['5d5de21c']
blk_4614530673206341566,['e3df2680']
blk_6125469222540396851,['5d5de21c']
blk_6868050965297613251,['09a53393']
blk_-7266711648018793699,['09a53393']
blk_9146254623576405494,['09a53393']
blk_-6966935672736779591,['e3df2680']
blk_-7411687001739959508,['09a53393']
blk_6514181997629420906,['dc2c74b7']
blk_-4434479572312007079,['09a53393']
blk_-3339018122410311668,['dc2c74b7']
blk_5272761429354463572,['5d5de21c']
blk_-1680563440028826904,['dc2c74b7']
blk_-5671206752084326639,['e3df2680']
blk_1649162819905816843,['32777b38']
blk_-2541428592126088938,['3d91fa85']
blk_6547729596040509998,['5d5de21c']
blk_-3673133694834392576,['09a53393']
blk_48742413802609430,['e3df2680']
blk_6085274723649229095,['09a53393']
blk_-227411387418683230,['e3df2680']
blk_3079488924320077240,['5d5de21c']
blk_692184983396207285,['e3df2680']
blk_-5009274684359267777,['5d5de21c']
blk_2599050023684318911,['e3df2680']
blk_3911263675181899748,['5d5de21c']
blk_5641239200978828454,['09a53393']
blk_-8852638972311349374,['09a53393']
blk_-719498947487451844,['09a53393']
blk_-3170270010972115378,['5d5de21c']
blk_6988110707613820142,['09a53393']
blk_-1490623381339215624,['dc2c74b7']
blk_-2192382893903170466,['09a53393']
blk_-6247364168500873179,['5d5de21c']
blk_4234385041723406944,['5d5de21c']
blk_8968608251219902913,['e3df2680']
blk_-8502460962248995911,['5d5de21c']
blk_-1201318815778694289,['e3df2680']
blk_-9089815063425241739,['e3df2680']
blk_1389634598105954660,['5d5de21c']
blk_557803157214911261,['e3df2680']
blk_-1435656632270396446,['5d5de21c']
blk_7345322407792942877,['dc2c74b7']
blk_-8939321760994370713,['dc2c74b7']
blk_3958940914408609637,['dc2c74b7']
blk_5106303344783117537,['3d91fa85']
blk_6628512193350164674,['09a53393']
blk_-5587827566367944828,['dc2c74b7']
blk_-743349875664670637,['626085d5']
blk_4581070264530964999,['81cee340']
blk_2139707931694085102,['81cee340']
blk_-3056652732896088330,['81cee340']
blk_73389299186801686,['81cee340']
blk_4963214289850966664,['81cee340']
blk_-8082428389627750477,['81cee340']
blk_6338761369201338121,['626085d5']
blk_7489155602821840025,['81cee340']
blk_2038610753592374847,['626085d5']
blk_2101007907134483259,['81cee340']
blk_3848747149919646864,['81cee340']
blk_8059204889272489644,['81cee340']
blk_1683075246463470765,['81cee340']
blk_9216955386716663841,['626085d5']
blk_4048438071314937575,['81cee340']
blk_-1432303681669932458,['626085d5']
blk_1910039736720341651,['81cee340']
blk_1646534811870220828,['81cee340']
blk_-4984504651603069357,['32777b38']
blk_424461424221613461,['81cee340']
blk_7297060562345904886,['626085d5']
blk_-7391656937286046074,['81cee340']
blk_387577766066135394,['3d91fa85']
blk_6107935679779418195,['09a53393']
blk_3584162266158512993,['dc2c74b7']
blk_-2591043665372016488,['dc2c74b7']
blk_-1732662141253491971,['3d91fa85']
blk_4959462704623252283,['09a53393']
blk_4553790855855864497,['5d5de21c']
blk_-3261177124784025140,['09a53393']
blk_7501235595045510958,['e3df2680']
blk_-3486808304671603275,['09a53393']
blk_6563909003697001371,['09a53393']
blk_4068667188725811395,['dc2c74b7']
blk_-7355153279766988632,['09a53393']
blk_-4854562124894030819,['09a53393']
blk_1828089683746536118,['e3df2680']
blk_1345503778930512538,['09a53393']
blk_4318179566727871532,['5d5de21c']
blk_727000711161641724,['dc2c74b7']
blk_-2916658835497879256,['5d5de21c']
blk_7227035060836018780,['e3df2680']
blk_4069436988023676023,['5d5de21c']
blk_-3981735565440284420,['e3df2680']
blk_728165942214842306,['09a53393']
blk_-3157541550945505354,['09a53393']
blk_7838843222458775811,['5d5de21c']
blk_3088175971503531298,['dc2c74b7']
blk_-3620767662957963389,['e3df2680']
blk_-5078186985701364847,['09a53393']
blk_7193551490488433552,['09a53393']
blk_-8022986908643041177,['5d5de21c']
blk_-5003122231679852524,['09a53393']
blk_-3276232266876914214,['e3df2680']
blk_-7667417209393167541,['3d91fa85']
blk_-5400783031085008882,['5d5de21c']
blk_-1197396592032418307,['dc2c74b7']
blk_7533949673910842243,['dc2c74b7']
blk_8842097432176169457,['dc2c74b7']
blk_560063894682806537,['e3df2680']
blk_2652444451422301232,['e3df2680']
blk_7016884347337429710,['e3df2680']
blk_-4174618838156947380,['5d5de21c']
blk_-3402248757106237109,['dc2c74b7']
blk_-8915123233040672605,['09a53393']
blk_-5633587983998853189,['e3df2680']
blk_2570966823909513791,['dc2c74b7']
blk_-6168484338203583997,['e3df2680']
blk_-3172594752427649592,['09a53393']
blk_8285441926344578159,['dc2c74b7']
blk_7415823309220171667,['5d5de21c']
blk_6749232449432458524,['3d91fa85']
blk_-5427918313707752877,['5d5de21c']
blk_-4673509946769671609,['09a53393']
blk_-7803343374223161433,['32777b38']
blk_-3275237990609680332,['5d5de21c']
blk_-8584158329012779023,['09a53393']
blk_-4468166796563085237,['09a53393']
blk_-463998587096565542,['3d91fa85']
blk_578261619176233743,['5d5de21c']
blk_-3897674589140998025,['5d5de21c']
blk_-3573208405519699182,['5d5de21c']
blk_4154740411570608045,['5d5de21c']
blk_8188837227311063557,['5d5de21c']
blk_-4208396523159735354,['5d5de21c']
blk_7572868180557515526,['09a53393']
blk_-1733803097614960767,['dc2c74b7']
blk_-7603795308074215276,['3d91fa85']
blk_-2004529166303428909,['3d91fa85']
blk_-5817942497672492100,['09a53393']
blk_-7512746652453970810,['dc2c74b7']
blk_2618566506268332756,['5d5de21c']
blk_-265588615173040885,['e3df2680']
blk_5971534893446541111,['5d5de21c']
blk_4742178675580222210,['09a53393']
blk_-900229825899812461,['dc2c74b7']
blk_300967862449910205,['5d5de21c']
blk_2059389709317340334,['5d5de21c']
blk_-6865167803683277211,['dc2c74b7']
blk_1321799290531408498,['09a53393']
blk_-8507209254958698084,['32777b38']
blk_-7716943410942322104,['e3df2680']
blk_-6884056342993438262,['09a53393']
blk_-4092973201423074374,['5d5de21c']
blk_5240632065631390212,['626085d5']
blk_-8907436477337775860,['626085d5']
blk_-5340885607150360719,['81cee340']
blk_6702054389824523327,['81cee340']
blk_7703498406755483188,['626085d5']
blk_2904134648927436267,['32777b38']
blk_-7125370327234065733,['81cee340']
blk_-5086369325828333421,['626085d5']
blk_8478683141242372735,['81cee340']
blk_668295516093167045,['626085d5']
blk_-4737948505610037427,['81cee340']
blk_1584196996810164915,['32777b38']
blk_1150231966878829887,['32777b38']
blk_2967299761311489673,['81cee340']
blk_9095955277706686312,['81cee340']
blk_-8558281124275910849,['81cee340']
blk_6552418180158772377,['626085d5']
blk_-3572295706132449090,['81cee340']
blk_-1442905060580014339,['626085d5']
blk_7760079751081658559,['81cee340']
blk_798664047382151445,['626085d5']
blk_8591104451552720112,['626085d5']
blk_-531469051872229488,['d63ef163']
blk_-4657423175636611807,['d63ef163']
blk_-6117917602803602155,['d63ef163']
blk_-7584542530081657301,['d63ef163']
blk_4640277741339926850,['d63ef163']
blk_-7285565997486715015,['d63ef163']
blk_3652427357251545055,['d63ef163']
blk_5163387277374142808,['d63ef163']
blk_-1342669964196815853,['d63ef163']
blk_-424018194735922479,['d63ef163']
blk_-3754029959138975487,['d63ef163']
blk_-4149539113118855204,['d63ef163']
blk_5868517220927475394,['d63ef163']
blk_6093858391888371854,['d63ef163']
blk_7048740572660501729,['d63ef163']
blk_-2025578204394955498,['d63ef163']
blk_-795209964982424254,['d63ef163']
blk_7606019272539977822,['d63ef163']
blk_1960893136630391966,['d63ef163']
blk_-8632488927959646482,['d63ef163']
blk_1302893891174665780,['d63ef163']
blk_-490230821467544285,['d63ef163']
blk_4713968111267226537,['d63ef163']
blk_7473411975130090672,['d63ef163']
blk_753559000954836892,['d63ef163']
blk_9085898147979939648,['d63ef163']
blk_-5403209762224435166,['d63ef163']
blk_-6932221506331060207,['d63ef163']
blk_-7693277678281547790,['d63ef163']
blk_3792448673967861371,['d63ef163']
blk_5496448884081025648,['d63ef163']
blk_1102735311308675356,['d63ef163']
blk_7094265091490664593,['d63ef163']
blk_-1271403908410292619,['d63ef163']
blk_-2439225174716664723,['d63ef163']
blk_-9220604860626391374,['d63ef163']
blk_-2557432794238860908,['626085d5']
blk_-8214089520956286311,['e3df2680']
blk_-8949548167466276130,['dba996ef']
blk_-4831379247767940447,['09a53393']
blk_-7548149518969960333,['dba996ef']
blk_-7353572928777348242,['dba996ef']
blk_7206839389762980382,['dba996ef']
blk_-9171803179611497035,['dba996ef']
blk_-4598246018559857954,['dba996ef']
blk_-6901909114834172466,['dba996ef']
blk_-6075803209168884005,['dba996ef']
blk_-8617088607862430908,['dba996ef']
blk_7347539858784653625,['09a53393']
blk_7855353385462032387,['dba996ef']
blk_3733339790842827121,['dba996ef']
blk_-9017308542351369260,['dba996ef']
blk_-3734839878416656496,['e3df2680']
blk_-8360774680830158225,['dba996ef']
blk_-6942784423611603919,['dba996ef']
blk_-5603192027616633151,['dba996ef']
blk_-7854501109698465657,['dba996ef']
blk_-4551689611865410817,['dba996ef']
blk_-1750007847201154657,['dba996ef']
blk_-3564493590065542578,['dba996ef']
blk_-2929627680703662712,['dba996ef']
blk_2708206493147801743,['dba996ef']
blk_-4110699195744660699,['dba996ef']
blk_7721951162137927252,['dba996ef']
blk_-1535908830476495455,['dba996ef']
blk_1184972950286241114,['dba996ef']
blk_-3396836569886642130,['dba996ef']
blk_22457656256024207,['dba996ef']
blk_5905689738251144455,['dba996ef']
blk_-2210703755506918304,['dba996ef']
blk_773599351835388127,['dba996ef']
blk_3921292580505776296,['dba996ef']
blk_4162832865986721185,['dba996ef']
blk_2156262111024914941,['dba996ef']
blk_4658551441818960395,['dba996ef']
blk_3076992299328673559,['dba996ef']
blk_6085442148007558065,['dba996ef']
blk_1746384029810476219,['dba996ef']
blk_4939101994162863442,['dba996ef']
blk_1144571179430079218,['dba996ef']
blk_8693774866554287286,['dba996ef']
blk_6695517786834913217,['dba996ef']
blk_70980361971054326,['dba996ef']
blk_6499414220139660338,['dba996ef']
blk_8598135237831029828,['dba996ef']
blk_7108974241330205218,['dba996ef']
blk_8929806114713265094,['dba996ef']
blk_6445339027653789144,['dba996ef']
blk_3235988328669699941,['09a53393']
blk_8699831307500970779,['dba996ef']
blk_3221204570666147236,['dba996ef']
blk_-5808893254440551816,['09a53393']
blk_3940282600163903101,['dc2c74b7']
blk_4233013542759682998,['09a53393']
blk_7360639743953947587,['dba996ef']
blk_4182287230523664560,['e3df2680']
blk_995094303184954394,['09a53393']
blk_3585424189730250601,['5d5de21c']
blk_-5680441982827916621,['dc2c74b7']
blk_2089955821703690032,['dc2c74b7']
blk_1151012386083696649,['5d5de21c']
blk_4149909442914612270,['09a53393']
blk_2282833575688432184,['dc2c74b7']
blk_3960527526103274525,['e3df2680']
blk_-852118157909078164,['09a53393']
blk_4292382298896622412,['40651754']
blk_-185994527242886002,['e3df2680']
blk_8761786041973172187,['5d5de21c']
blk_-5471660287004025096,['5d5de21c']
blk_3755116621101133849,['dc2c74b7']
blk_-5542336029922582303,['5d5de21c']
blk_165707910410871749,['dc2c74b7']
blk_2957756905007569214,['dc2c74b7']
blk_4884219613602801814,['dc2c74b7']
blk_6698851413708497072,['e3df2680']
blk_6730979070070986233,['e3df2680']
blk_-468830939205980722,['dba996ef']
blk_-7056746602297676104,['e3df2680']
blk_8473858691873523269,['09a53393']
blk_6686361711974377273,['e3df2680']
blk_-6442394521537090621,['5d5de21c']
blk_-5140072410813878235,['04137b95']
blk_6039898256291822367,['5d5de21c']
blk_-7988596544606686086,['3d91fa85']
blk_5729560286355779655,['dc2c74b7']
blk_-989798817617753264,['5d5de21c']
blk_-2242088550278361724,['e3df2680']
blk_5602895463700536678,['e3df2680']
blk_7580930377559819562,['09a53393']
blk_429279891070363457,['dc2c74b7']
blk_-9132218772786220159,['dc2c74b7']
blk_-2901266958756042716,['09a53393']
blk_6323743466920239525,['e3df2680']
blk_-7948158002985968470,['dc2c74b7']
blk_-8974021306351083168,['09a53393']
blk_-4917866339076366459,['dc2c74b7']
blk_8063831442998721547,['5d5de21c']
blk_-4468645577339843974,['3d91fa85']
blk_9121519145462575118,['09a53393']
blk_-6773301007994789531,['dc2c74b7']
blk_-878226404201600469,['09a53393']
blk_-6031720401337601269,['e3df2680']
blk_-5159573936338473350,['5d5de21c']
blk_-703436021914343546,['dc2c74b7']
blk_-8641647081502666269,['e3df2680']
blk_3542047035353248258,['09a53393']
blk_-736188013503336717,['dc2c74b7']
blk_1188202922232921994,['e3df2680']
blk_-9049344623659872649,['5d5de21c']
blk_4575129504644372394,['dc2c74b7']
blk_8574493302165689212,['09a53393']
blk_5574898547439146021,['5d5de21c']
blk_2474460483915499078,['e3df2680']
blk_7851643274522055587,['e3df2680']
blk_8097409435735325492,['e3df2680']
blk_-966013175018359901,['dc2c74b7']
blk_-6802153775367591521,['3d91fa85']
blk_-3300851862683571086,['e3df2680']
blk_-2035996502664501008,['5d5de21c']
blk_8222237992861447018,['09a53393']
blk_6556854018013706836,['09a53393']
blk_8302956190102508375,['e3df2680']
blk_-2583370070230800221,['09a53393']
blk_392347292517057138,['09a53393']
blk_1639683981444528748,['dc2c74b7']
blk_5525607749827896334,['09a53393']
blk_6809155287484296510,['dc2c74b7']
blk_-5908283405801966540,['dc2c74b7']
blk_-4654885003331291932,['3d91fa85']
blk_-8923698979247229952,['e3df2680']
blk_-2321016155994168744,['5d5de21c']
blk_-2151458111813215098,['e3df2680']
blk_-1733154814375651491,['dc2c74b7']
blk_-3187293586306086277,['09a53393']
blk_-7914996925059840931,['09a53393']
blk_5379939266348893280,['e3df2680']
blk_8981795097778421111,['d63ef163']
blk_1979447750586388860,['d63ef163']
blk_3332848207645320273,['d63ef163']
blk_6881216037013929188,['d63ef163']
blk_7541621664406141215,['d63ef163']
blk_-1680175975862749862,['d63ef163']
blk_5176179471361959897,['d63ef163']
blk_-4385347171136037814,['d63ef163']
blk_8384329882986724706,['d63ef163']
blk_6392434729242722288,['d63ef163']
blk_1714886759174770356,['d63ef163']
blk_7400944190976416273,['d63ef163']
blk_8442157310069672329,['d63ef163']
blk_-5624558200776510955,['d63ef163']
blk_1481009974400305784,['d63ef163']
blk_355286618997526877,['d63ef163']
blk_-7369651436133452001,['d63ef163']
blk_-8353423262983821010,['d63ef163']
blk_7017399031777870797,['d63ef163']
blk_-6891122177443047531,['dba996ef']
blk_641646158310569454,['3d91fa85']
blk_-9171930401624803515,['dba996ef']
blk_5938666289587069744,['5d5de21c']
blk_-8294986551316947211,['dba996ef']
blk_-5718504625725408070,['dba996ef']
blk_-1941312615450572331,['3d91fa85']
blk_2353918919834315845,['dba996ef']
blk_391507259220628397,['dba996ef']
blk_-1263913006422225885,['dba996ef']
blk_6542592144596063478,['dba996ef']
blk_-4473277914543734578,['09a53393']
blk_1689772850125323349,['dba996ef']
blk_8615522912610884162,['dba996ef']
blk_107727140948970996,['dba996ef']
blk_-1598760065436384831,['dba996ef']
blk_8950932638808086257,['dba996ef']
blk_-8835758154471700679,['e3df2680']
blk_323887415551221572,['09a53393']
blk_231502148921342925,['e3df2680']
blk_1349228381785843634,['dc2c74b7']
blk_-6754647973871368247,['3d91fa85']
blk_-7539658633533020967,['09a53393']
blk_6406847509870023726,['e3df2680']
blk_-7893636450787030202,['5d5de21c']
blk_-5777981614298940026,['e3df2680']
blk_4231049049582051919,['e3df2680']
blk_8048594464172649365,['04137b95']
blk_4414644179961808738,['09a53393']
blk_7661189768086976193,['09a53393']
blk_-7170175035335391571,['dc2c74b7']
blk_4992622607400168655,['5d5de21c']
blk_8971893898579544235,['dc2c74b7']
blk_-7418372263556457716,['09a53393']
blk_-3417101330634563680,['09a53393']
blk_4294115716822011564,['e3df2680']
blk_1865953191447352631,['5d5de21c']
blk_2147212041377545584,['09a53393']
blk_708101772844351082,['dc2c74b7']
blk_-5610308397633191834,['dc2c74b7']
blk_-7159695919045792245,['dc2c74b7']
blk_8850044049297409379,['5d5de21c']
blk_8561332122820208519,['3d91fa85']
blk_-8393060055740236791,['5d5de21c']
blk_-5861348317118763621,['5d5de21c']
blk_5174461779237739025,['e3df2680']
blk_1463530401988623658,['09a53393']
blk_-8377763431920892140,['e3df2680']
blk_-1728983474612515818,['09a53393']
blk_8007544297333060851,['09a53393']
blk_6238543795209416553,['5d5de21c']
blk_4599950495841528213,['09a53393']
blk_-8524952715666214329,['e3df2680']
blk_-5882295985950637419,['5d5de21c']
blk_-1485109068671160157,['e3df2680']
blk_3586596428873150919,['e3df2680']
blk_-7815259387557421424,['09a53393']
blk_3358274959811806117,['09a53393']
blk_-5927343391895571936,['5d5de21c']
blk_8907528844412790999,['09a53393']
blk_5262186175243998904,['dc2c74b7']
blk_-1704027189958470814,['5d5de21c']
blk_-337665304078248571,['09a53393']
blk_-2023442822091562967,['5d5de21c']
blk_1779145401405339993,['5d5de21c']
blk_7705518309270121951,['5d5de21c']
blk_-9120005470237070778,['dc2c74b7']
blk_3849239820458663566,['5d5de21c']
blk_-1657856234642335063,['09a53393']
blk_6490003020931145707,['e3df2680']
blk_6048652012880073760,['dc2c74b7']
blk_5648034804629064273,['e3df2680']
blk_5912213716795619450,['dc2c74b7']
blk_-5534560875087182998,['e3df2680']
blk_3376391218693716925,['3d91fa85']
blk_2691304991047255190,['dc2c74b7']
blk_8708862520108736953,['3d91fa85']
blk_-5718873743060788176,['5d5de21c']
blk_-2989288139685694818,['09a53393']
blk_6245594177708848366,['09a53393']
blk_4433676399725693167,['e3df2680']
blk_-5644397018622018109,['e3df2680']
blk_-6986311820863339652,['e3df2680']
blk_207875475387433291,['5d5de21c']
blk_-7115635482536854135,['5d5de21c']
blk_-1956140031907143783,['e3df2680']
blk_7534378757788640871,['e3df2680']
blk_8196657927516481490,['3d91fa85']
blk_-5029807829679779067,['09a53393']
blk_-3657751236932275338,['09a53393']
blk_1594026090263820445,['5d5de21c']
blk_3894335463008345041,['32777b38']
blk_-6299730951392868297,['5d5de21c']
blk_157913239647511296,['dc2c74b7']
blk_-6454539193224916125,['dc2c74b7']
blk_-3575568207121859434,['5d5de21c']
blk_-4325209272072286951,['dc2c74b7']
blk_-5739126205963920408,['5d5de21c']
blk_-9056865861421808370,['dc2c74b7']
blk_-6934248664959947757,['dc2c74b7']
blk_-2082401934988378573,['e3df2680']
blk_7627900514276120558,['dc2c74b7']
blk_-1250775350296476256,['dc2c74b7']
blk_2389216938154332862,['dc2c74b7']
blk_7430820184211246929,['5d5de21c']
blk_-608202790716579401,['d63ef163']
blk_-1335063409877429524,['d63ef163']
blk_-5236655516146555545,['626085d5']
blk_2262752117989012641,['81cee340']
blk_-4181768899028058192,['81cee340']
blk_-7990763409688650846,['626085d5']
blk_-2656323385657954732,['626085d5']
blk_8711213005689112399,['626085d5']
blk_-3696162841836791939,['626085d5']
blk_-8915491531889006304,['626085d5']
blk_-657087263710195616,['626085d5']
blk_-1125621902344947014,['626085d5']
blk_481857539063371482,['81cee340']
blk_1200136320542454615,['626085d5']
blk_-8083036675630459841,['81cee340']
blk_-1508527605812345693,['81cee340']
blk_3905759687686730625,['626085d5']
blk_342378162324355732,['626085d5']
blk_-8674089929114017279,['626085d5']
blk_-3140031507252212554,['81cee340']
blk_-309134958179110212,['626085d5']
blk_-3134225108208373949,['626085d5']
blk_-8887373200836701910,['d63ef163']
blk_-1162676743264290624,['d63ef163']
blk_-5513640508500780385,['d63ef163']
blk_-7767902948513849386,['d63ef163']
blk_-5382946262718129284,['d63ef163']
blk_5668137923110942035,['d63ef163']
blk_7197514030988119866,['d63ef163']
blk_-5362598472846558076,['d63ef163']
blk_-4269939382058952254,['d63ef163']
blk_-6978845808078082463,['d63ef163']
blk_-1071115021179995772,['d63ef163']
blk_7336636250384047238,['d63ef163']
blk_8493856762887493521,['d63ef163']
blk_1043487525777829194,['d63ef163']
blk_-3225035678192156905,['d63ef163']
blk_5572208681898881669,['d63ef163']
blk_-2225353020301959077,['d63ef163']
blk_3946183108430554053,['d63ef163']
blk_-3681974396824196300,['d63ef163']
blk_2736251498135196075,['d63ef163']
blk_1275198635723397883,['d63ef163']
blk_3428998332517532825,['d63ef163']
blk_-7106479503467535906,['dba996ef']
blk_-7411858598798393933,['dba996ef']
blk_-5429479049793046826,['dba996ef']
blk_-6431101765137189231,['dba996ef']
blk_-2923662094689783995,['dba996ef']
blk_-664656559337730574,['626085d5']
blk_3224393364314749254,['e3df2680']
blk_1483582953997932733,['dba996ef']
blk_-3607708283707030582,['dba996ef']
blk_4365203784873840210,['dba996ef']
blk_1920931690498309324,['dba996ef']
blk_2731746367139956284,['dba996ef']
blk_3312198496468502316,['dba996ef']
blk_-626413149556394155,['dba996ef']
blk_1350741653957819140,['dba996ef']
blk_6675564098604634452,['dba996ef']
blk_1692958087244489888,['dba996ef']
blk_5528471097481810388,['dba996ef']
blk_797263375273454863,['dba996ef']
blk_5209577451013188921,['dba996ef']
blk_4713539908695785630,['dba996ef']
blk_6148201552996212693,['dba996ef']
blk_9014154925388243050,['dba996ef']
blk_8761138012128091849,['dba996ef']
blk_-4071286774767564790,['e3df2680']
blk_2866275036574950116,['626085d5']
blk_-6811519872198278365,['e3df2680']
blk_6748710057489679257,['5d5de21c']
blk_1833093108290599780,['5d5de21c']
blk_9163807899833139121,['5d5de21c']
blk_3941798034503185737,['09a53393']
blk_6894918622505820383,['e3df2680']
blk_6491424745418112176,['09a53393']
blk_-17685631368401548,['3d91fa85']
blk_8924207394547472950,['3d91fa85']
blk_-4526931594457272384,['09a53393']
blk_5390763359901143305,['5d5de21c']
blk_-11867600358649678,['09a53393']
blk_2430417102497887445,['5d5de21c']
blk_-747046374856916711,['5d5de21c']
blk_5062112794659861146,['e3df2680']
blk_-116589515245909549,['09a53393']
blk_4628975089896927394,['dc2c74b7']
blk_-764747190320632607,['09a53393']
blk_-8015797075596093783,['e3df2680']
blk_-1675768179383804109,['5d5de21c']
blk_1155029843511109085,['dc2c74b7']
blk_9060964400089016309,['5d5de21c']
blk_-1417908110808566576,['5d5de21c']
blk_-7483426835701512490,['dc2c74b7']
blk_-3752135158991310104,['09a53393']
blk_-8649503431827393598,['09a53393']
blk_-6883339133893273874,['dc2c74b7']
blk_3695169334833427187,['dc2c74b7']
blk_6055109613223910610,['dc2c74b7']
blk_-1868325377308234190,['09a53393']
blk_-6338549285508312302,['5d5de21c']
blk_-900758580041645081,['5d5de21c']
blk_1756478622414930264,['5d5de21c']
blk_-6555060221133060529,['5d5de21c']
blk_9076677650086747187,['09a53393']
blk_-4165562468976768862,['dc2c74b7']
blk_-3295982945091621137,['dc2c74b7']
blk_-7637577152926063076,['5d5de21c']
blk_3181161977343808286,['09a53393']
blk_6807535563873595117,['09a53393']
blk_7513976340045981966,['09a53393']
blk_-749176535135404637,['3d91fa85']
blk_-7909610753867924116,['5d5de21c']
blk_-7247291679155656679,['e3df2680']
blk_-6369730481066968769,['dc2c74b7']
blk_7780461223860192433,['09a53393']
blk_2084123600915946046,['3d91fa85']
blk_92273823183917102,['09a53393']
blk_-1141332313413855099,['e3df2680']
blk_3016571528120363023,['09a53393']
blk_-7678242108759603056,['09a53393']
blk_-7526023914950151999,['09a53393']
blk_-6380328072112550668,['09a53393']
blk_3222673463853349950,['5d5de21c']
blk_-3183355402229300197,['dc2c74b7']
blk_-5963475042722370536,['5d5de21c']
blk_-7527506469734664572,['3d91fa85']
blk_9072486569292195232,['e3df2680']
blk_-4455205822455130625,['5d5de21c']
blk_3777399812922072863,['e3df2680']
blk_-4633546693082073737,['dc2c74b7']
blk_6799391641508508235,['e3df2680']
blk_1002945451269828722,['dc2c74b7']
blk_566413670355737377,['e3df2680']
blk_2819581679409796253,['dc2c74b7']
blk_1512923509505250283,['5d5de21c']
blk_285336326661214154,['3d91fa85']
blk_5955377624764578810,['5d5de21c']
blk_-7458279618877678162,['3d91fa85']
blk_5018765878120211503,['dc2c74b7']
blk_313888672758374538,['09a53393']
blk_3764801892187716497,['5d5de21c']
blk_-3491385689517593364,['e3df2680']
blk_-2243784245784480521,['e3df2680']
blk_-4052810234606327693,['5d5de21c']
blk_-6695620358347030339,['dc2c74b7']
blk_-5102453487463005287,['dc2c74b7']
blk_7924393760966842810,['09a53393']
blk_5915244038969911075,['e3df2680']
blk_3243316191092266549,['5d5de21c']
blk_8229768485681546149,['dc2c74b7']
blk_3206064173813164493,['5d5de21c']
blk_-1957299792594627113,['dc2c74b7']
blk_-1690784932539647416,['09a53393']
blk_6745520736924802462,['dc2c74b7']
blk_-1525964299678787959,['d63ef163']
blk_7045475543362904558,['d63ef163']
blk_-6802124772693111025,['d63ef163']
blk_-5205950257901523262,['dba996ef']
blk_-1649239999940418046,['dc2c74b7']
blk_6880728743505526406,['e3df2680']
blk_5256716488526744434,['09a53393']
blk_6928449948805597176,['5d5de21c']
blk_2529569087635823495,['dc2c74b7']
blk_3764836840384130740,['3d91fa85']
blk_3020717811556957482,['09a53393']
blk_-577659324269246113,['e3df2680']
blk_6137960563260046065,['dc2c74b7']
blk_-6909400912794057067,['5d5de21c']
blk_8249475180346179102,['5d5de21c']
blk_-5045144756510626150,['e3df2680']
blk_752365829198406123,['e3df2680']
blk_5663417083925711869,['dc2c74b7']
blk_-2014243777892518956,['dc2c74b7']
blk_-8123824094195108685,['09a53393']
blk_2080318574920472813,['09a53393']
blk_-290874442865281380,['e3df2680']
blk_5953577136151423920,['5d5de21c']
blk_-2780312306380730204,['dc2c74b7']
blk_-633826175832239328,['dc2c74b7']
blk_-6540455811923725840,['5d5de21c']
blk_6308888821787547357,['5d5de21c']
blk_4638603954320058978,['dc2c74b7']
blk_-4651707530079874243,['5d5de21c']
blk_5115892145206906855,['dc2c74b7']
blk_-2421414377433740760,['dc2c74b7']
blk_-420564586555502239,['e3df2680']
blk_-3091906986951252347,['3d91fa85']
blk_-4068751061953213467,['dc2c74b7']
blk_-3025440686907267472,['dc2c74b7']
blk_-420818767915591010,['5d5de21c']
blk_8422946850755720617,['dc2c74b7']
blk_-5646228903161999640,['09a53393']
blk_-7024895786822269814,['dc2c74b7']
blk_-4430291708660291878,['dc2c74b7']
blk_-6250368566161066085,['09a53393']
blk_-6213380972217661202,['09a53393']
blk_3813891701916249413,['e3df2680']
blk_903961454948542202,['dc2c74b7']
blk_3954386352306480748,['5d5de21c']
blk_4812792845864526586,['5d5de21c']
blk_5570475465835003801,['5d5de21c']
blk_-9190864897806028230,['e3df2680']
blk_-4342304152206614489,['5d5de21c']
blk_-190773840747023361,['dc2c74b7']
blk_-5580048401594934039,['5d5de21c']
blk_6640583412927022083,['5d5de21c']
blk_-1332315107905285608,['5d5de21c']
blk_3550669278239526374,['e3df2680']
blk_4873550540813847659,['dc2c74b7']
blk_-1133573997287815203,['09a53393']
blk_2740792916077430444,['5d5de21c']
blk_2851869865185325732,['dc2c74b7']
blk_-1842096107468319932,['dc2c74b7']
blk_-8965508153794244104,['e3df2680']
blk_1074754942323612586,['09a53393']
blk_-7727864185516010230,['09a53393']
blk_-4779205255695723216,['dc2c74b7']
blk_2261089810991980611,['dc2c74b7']
blk_5335498635665743905,['09a53393']
blk_-5144503768267321004,['09a53393']
blk_1927336911952959118,['dc2c74b7']
blk_-2332150303475653460,['5d5de21c']
blk_2111886617384066018,['dc2c74b7']
blk_-2506231977021079951,['09a53393']
blk_4330492872922862223,['5d5de21c']
blk_6918427074195439966,['dc2c74b7']
blk_4284688617983009262,['09a53393']
blk_5813361416484537967,['5d5de21c']
blk_-2313277713021896570,['09a53393']
blk_-7778922135767840250,['dc2c74b7']
blk_-7350482598011027441,['09a53393']
blk_-3607860197409267245,['e3df2680']
blk_4178945095089206682,['dc2c74b7']
blk_-3363550789841756902,['dc2c74b7']
blk_345577139488306634,['09a53393']
blk_4577632468651859430,['5d5de21c']
blk_-2051219911597308805,['3d91fa85']
blk_-2680500627064966252,['dc2c74b7']
blk_-9092685890953655332,['09a53393']
blk_-4473020641607592551,['09a53393']
blk_-524128780228307052,['5d5de21c']
blk_4443043493758564822,['e3df2680']
blk_5118390778403008591,['e3df2680']
blk_2737505352081488746,['09a53393']
blk_-9013487557842539661,['e3df2680']
blk_-8638442557570632582,['dc2c74b7']
blk_111759050707136656,['5d5de21c']
blk_2259206517962925438,['d63ef163']
blk_-3854777877236596649,['d63ef163']
blk_-4265150363959543078,['d63ef163']
blk_3729730843466061623,['d63ef163']
blk_3876184938151091897,['d63ef163']
blk_-1227720343537039835,['d63ef163']
blk_-6921441628286995043,['d63ef163']
blk_3539852484771802299,['d63ef163']
blk_2341651676737321162,['d63ef163']
blk_-765820154946060546,['d63ef163']
blk_-2492400942012223395,['d63ef163']
blk_-8351015090014570293,['d63ef163']
blk_-328970571549408286,['d63ef163']
blk_-8130925109202184099,['d63ef163']
blk_-3242342105286997235,['d63ef163']
blk_2468407162668753567,['d63ef163']
blk_7841365850685201915,['d63ef163']
blk_-6160667975382232149,['32777b38']
blk_2426255659473300323,['d63ef163']
blk_5203504995927133832,['d63ef163']
blk_815809455641029563,['d63ef163']
blk_6413710007211667486,['d63ef163']
blk_-2907776069874917892,['d63ef163']
blk_-5802915611610989626,['d63ef163']
blk_-7668075074035173978,['d63ef163']
blk_-1573544581830458089,['d63ef163']
blk_-1180596628202464893,['dba996ef']
blk_1407935810673971357,['09a53393']
blk_-8167717961644709843,['dba996ef']
blk_-7464161062429228045,['dba996ef']
blk_-5934436507161953485,['dba996ef']
blk_-3922743468150895472,['e3df2680']
blk_-7832937837605180330,['dba996ef']
blk_-8547071368131084410,['dba996ef']
blk_-5429042599096020592,['dba996ef']
blk_-6350492516478706425,['dba996ef']
blk_-6053005391233809507,['dba996ef']
blk_-1522998827901549925,['e3df2680']
blk_-4311652947826112510,['dba996ef']
blk_-1754204887541031211,['dba996ef']
blk_-4165176068096983220,['dba996ef']
blk_4863571548336254624,['dba996ef']
blk_-4844505495441326897,['dba996ef']
blk_-7513928662244669476,['dba996ef']
blk_-5014786445735476734,['dba996ef']
blk_-1046472716157313227,['dba996ef']
blk_-1281276222788579863,['dba996ef']
blk_449049393237281194,['dba996ef']
blk_352185875883785141,['dba996ef']
blk_-2890295200276774269,['dba996ef']
blk_1379455396847512711,['dba996ef']
blk_2180875151184358991,['dba996ef']
blk_-8879979113392880065,['09a53393']
blk_1553688227908800900,['dba996ef']
blk_6138894560185644209,['dba996ef']
blk_-1368324087589035770,['dba996ef']
blk_3274968259628929519,['dba996ef']
blk_5736622945587812309,['dba996ef']
blk_9142114171015520823,['dba996ef']
blk_8556592730481313831,['dba996ef']
blk_6147898566868510104,['dba996ef']
blk_-4334868513923498900,['09a53393']
blk_9081834782322008396,['dba996ef']
blk_8962411947457130719,['dba996ef']
blk_2312679955495839894,['5d5de21c']
blk_7434237665308221519,['5d5de21c']
blk_2380775154966815858,['09a53393']
blk_3777389444004341563,['e3df2680']
blk_-4578850505370039622,['dc2c74b7']
blk_4893049344332234616,['5d5de21c']
blk_9131004320470011870,['09a53393']
blk_1253515519191706153,['3d91fa85']
blk_-9056748866943837167,['5d5de21c']
blk_-8298519990603402919,['5d5de21c']
blk_-337972286882621518,['e3df2680']
blk_-4411589101766563890,"['dc2c74b7', 'd6b7b743']"
blk_-8838632285969241889,['09a53393']
blk_-8225435781013159573,['dc2c74b7']
blk_-7985144765168396303,['5d5de21c']
blk_-6841570414687342011,['3d91fa85']
blk_3924177422736829493,['e3df2680']
blk_9074726164158535746,['09a53393']
blk_-5773244829531118765,['5d5de21c']
blk_-8923923031063738809,['5d5de21c']
blk_-8703611999267892995,['09a53393']
blk_-5352085087037370841,['5d5de21c']
blk_1411218759880637753,['e3df2680']
blk_-2268450354164990110,['dc2c74b7']
blk_-3622135859810774312,['5d5de21c']
blk_-2667669005094349452,['09a53393']
blk_-2935178173527646581,['e3df2680']
blk_5781791720343455145,['5d5de21c']
blk_49420377461855719,['e3df2680']
blk_-805262942087665153,['dc2c74b7']
blk_8323519561483823145,['5d5de21c']
blk_2208589726473895860,['09a53393']
blk_-6618090096819679591,['09a53393']
blk_-3253005280055520211,['5d5de21c']
blk_-6832799704680039005,['e3df2680']
blk_4777657900314457675,['5d5de21c']
blk_-6464892000340112134,['e3df2680']
blk_-8435779070374485499,['dc2c74b7']
blk_8993862241777591326,['e3df2680']
blk_8452214765874767801,['09a53393']
blk_-2281067667503210140,['5d5de21c']
blk_-4424971182856566289,['dc2c74b7']
blk_2040222317555585426,['dc2c74b7']
blk_-663653551898848389,['09a53393']
blk_-5836693155656083066,['09a53393']
blk_-7228803354694123939,['09a53393']
blk_2953550760670423417,['dc2c74b7']
blk_5348548743130215090,['e3df2680']
blk_7413830214932763926,['e3df2680']
blk_6329639726609402522,['e3df2680']
blk_6601059760261449131,['3d91fa85']
blk_-5439682406172672049,['09a53393']
blk_-7492294065771709299,['09a53393']
blk_1526403491950199810,['5d5de21c']
blk_8902425017314766082,['e3df2680']
blk_6400082566804273401,"['3d91fa85', '09a53393']"
blk_4989329877491629543,['e3df2680']
blk_-6608350831463251448,['09a53393']
blk_-5580322334454533924,['dc2c74b7']
blk_7500282100357271699,['dc2c74b7']
blk_8087142318511408355,['09a53393']
blk_-997605125898553536,['e3df2680']
blk_-4510259260131940043,['5d5de21c']
blk_2270593866672608129,['e3df2680']
blk_6685663454079607598,['e3df2680']
blk_-4347054230277727863,['5d5de21c']
blk_-1067234447809438340,['dc2c74b7']
blk_-1096621677333075077,['dc2c74b7']
blk_-8657800226489501791,['5d5de21c']
blk_2151150262081352617,['dc2c74b7']
blk_3280859030919654043,['d63ef163']
blk_-6811828069408410657,['dc2c74b7']
blk_4967370797322420259,['e3df2680']
blk_-719178972315562824,['5d5de21c']
blk_9093176996492793041,['5d5de21c']
blk_-7200400342436668240,['dc2c74b7']
blk_7213990003235926706,['e3df2680']
blk_-2125743956855238111,['5d5de21c']
blk_-4875138366845786590,['5d5de21c']
blk_2508619583759354778,['dc2c74b7']
blk_6095704128062577668,['5d5de21c']
blk_6123232805286187512,['dc2c74b7']
blk_6413965758113058023,['09a53393']
blk_7275457888263057111,['5d5de21c']
blk_6818232325322327288,['dc2c74b7']
blk_-5954527587435406374,['e3df2680']
blk_-4358842839092719327,['e3df2680']
blk_1489031087420498797,['e3df2680']
blk_-615578808743808725,['dc2c74b7']
blk_4588471931728384541,['e3df2680']
blk_7720864196601815614,['3d91fa85']
blk_-9098645110390099509,['dc2c74b7']
blk_1129715194117079802,['5d5de21c']
blk_6690143611140381289,['3d91fa85']
blk_7463248820468902190,['e3df2680']
blk_3961831045048378097,['e3df2680']
blk_-6220821375880228145,['dc2c74b7']
blk_-4405302133414008227,['5d5de21c']
blk_8854625173826438305,['dc2c74b7']
blk_8699194381234371727,['e3df2680']
blk_-8389657728641837382,['dc2c74b7']
blk_-5145508449157510071,['09a53393']
blk_6675543598756975559,['5d5de21c']
blk_-8364400144313355814,['dc2c74b7']
blk_6108023147232847992,['09a53393']
blk_-1932467763723526131,['5d5de21c']
blk_-8834022217832819265,['09a53393']
blk_5872617224009342667,['3d91fa85']
blk_4877808040461609832,['dc2c74b7']
blk_3049351456771045311,['e3df2680']
blk_1247599917761164561,['e3df2680']
blk_2616961363639592748,['e3df2680']
blk_-826920518336899809,['3d91fa85']
blk_-3436382429367583573,['e3df2680']
blk_2824047463816148563,['09a53393']
blk_-9211699406261033878,['e3df2680']
blk_-5961895238114806886,['5d5de21c']
blk_-2654726224018724510,['5d5de21c']
blk_-3955287039966096707,['5d5de21c']
blk_-1379379987510648393,['5d5de21c']
blk_1858805942071850133,['3d91fa85']
blk_5183831565578080242,['3d91fa85']
blk_3248835454898465560,['09a53393']
blk_3776895047834644694,['3d91fa85']
blk_8521306385156958668,['5d5de21c']
blk_1606295458729964667,['09a53393']
blk_-7282356322111075290,['5d5de21c']
blk_-5330522460969948971,['5d5de21c']
blk_1077394056781488,['dc2c74b7']
blk_6054235487623373096,['3d91fa85']
blk_-7256345477493725857,['dc2c74b7']
blk_3480684347183600958,['e3df2680']
blk_9034993982993401678,['3d91fa85']
blk_-1821104627978106102,['5d5de21c']
blk_8116683912654412228,['09a53393']
blk_-8329840785892216949,['dc2c74b7']
blk_8254500345987409515,['dc2c74b7']
blk_-4657886075935807358,['09a53393']
blk_8201813022998766557,['09a53393']
blk_-4438918035940270891,['d63ef163']
blk_5616920288053661280,['d63ef163']
blk_1815340037591016775,['d63ef163']
blk_2154193600525549460,['d63ef163']
blk_5580254744888391593,['d63ef163']
blk_-1641081065757890722,['d63ef163']
blk_5505696082121135363,['d63ef163']
blk_5689009809369418749,['d63ef163']
blk_8155177385081669900,['d63ef163']
blk_247452006316846355,['d63ef163']
blk_2657997043417110888,['d63ef163']
blk_-323838382557775734,['d63ef163']
blk_-719470845056640928,['d63ef163']
blk_-7999375661905777727,['d63ef163']
blk_-2451769929123196359,['d63ef163']
blk_3231389654886008065,['d63ef163']
blk_3637945019239882309,['d63ef163']
blk_-7423574498760490375,['dba996ef']
blk_5680538862600094527,['98012f03']
blk_-4809870147222033236,['98012f03']
blk_-1564644006975920581,['98012f03']
blk_710178463364063355,['98012f03']
blk_8029153852899017155,['98012f03']
blk_-4235116161537008844,['98012f03']
blk_425101290285860876,['98012f03']
blk_-5120750586032922592,['98012f03']
blk_7240227881194993860,['98012f03']
blk_-7919006477393039068,['98012f03']
blk_-5435767047126325206,['98012f03']
blk_-3324962406687427922,['98012f03']
blk_-6035411221441929663,['98012f03']
blk_1716344083117307767,['98012f03']
blk_-4150682644311695471,['98012f03']
blk_-8140723044408248078,['98012f03']
blk_9174833667156726933,['98012f03']
blk_5072240701440032119,['98012f03']
blk_-9122557405432088649,['98012f03']
blk_2107477892986152528,['98012f03']
blk_4977937528993040451,['98012f03']
blk_-4253026248821272215,['98012f03']
blk_3042818489384932576,['98012f03']
blk_4285859645577726288,['98012f03']
blk_2634772258588877972,['98012f03']
blk_6385574357371832424,['98012f03']
blk_7608961006114219538,['98012f03']
blk_2004418049430157212,['98012f03']
blk_-4393063808227796056,['98012f03']
blk_-334982586592048773,['98012f03']
blk_1577274266662884430,['98012f03']
blk_-7844092300527332901,['98012f03']
blk_8736689095894369097,['98012f03']
blk_446299976487589160,['98012f03']
blk_8818706925296961012,['98012f03']
blk_-6974693594143537436,['98012f03']
blk_-5805500288959332434,['98012f03']
blk_-66376131060945541,['98012f03']
blk_-7318022361288598312,['98012f03']
blk_-9076085976403711202,['98012f03']
blk_8767569714374844347,['98012f03']
blk_-7642734632751940776,['98012f03']
blk_6306622708327890839,['98012f03']
blk_-6537833125980536955,['98012f03']
blk_-4645750029177277209,['98012f03']
blk_1932147224007687756,['98012f03']
blk_-582901062969027153,['98012f03']
blk_-5473871016976323232,['98012f03']
blk_8393887138377503163,['98012f03']
blk_-1782996202120067721,['98012f03']
blk_-8754388319080705916,['98012f03']
blk_8377661448601579317,['98012f03']
blk_7079754042611867581,['98012f03']
blk_7610838808763810123,['98012f03']
blk_3150135312641203550,['98012f03']
blk_-6950176077776664217,['98012f03']
blk_-8298405680648445349,['98012f03']
blk_-1807424528783081572,['98012f03']
blk_3438772130782939627,['98012f03']
blk_5677959846373741243,['98012f03']
blk_-5203577173046267127,['98012f03']
blk_-5136142986912961316,['98012f03']
blk_-5136849989188547884,['98012f03']
blk_-5127580069634421247,['98012f03']
blk_-5017273584996436939,['98012f03']
blk_-3800132731140204959,['98012f03']
blk_-3389135155401857220,['98012f03']
blk_-8570780307468499817,['98012f03']
blk_6082535783543982566,['98012f03']
blk_3408482260833769309,['98012f03']
blk_2161580591957523893,['98012f03']
blk_61908781908925992,['98012f03']
blk_-4570173726231458270,['98012f03']
blk_-8378747462487962732,['98012f03']
blk_3813114133944383323,['98012f03']
blk_364441107933628577,['98012f03']
blk_118013751374560901,['98012f03']
blk_3923069610304693233,['98012f03']
blk_1372596948297458670,['98012f03']
blk_-3916247521166632303,['98012f03']
blk_-3198963348573340497,['98012f03']
blk_765879159867598347,['98012f03']
blk_189089569009261656,['98012f03']
blk_-7109885589081848850,['98012f03']
blk_-6795664812575964130,['98012f03']
blk_7963891081239759520,['98012f03']
blk_338095650783321996,['98012f03']
blk_-1067866602168873257,['98012f03']
blk_2920934363167004552,['98012f03']
blk_6036564204960295926,['98012f03']
blk_8814943807366894581,['98012f03']
blk_6207861897580168557,['98012f03']
blk_649427218152856001,['98012f03']
blk_-6858401049333055963,['98012f03']
blk_2537458728254532453,['98012f03']
blk_-5194808114606613364,['98012f03']
blk_-5685246533892022418,['98012f03']
blk_-6488701068659548195,['98012f03']
blk_3300803097775546532,['98012f03']
blk_-7403541028238011236,['98012f03']
blk_-9169228974826183399,['dba996ef']
blk_4041319486058127641,['98012f03']
blk_-1729755380346651221,['98012f03']
blk_7211071078501521087,['98012f03']
blk_-6448673813272428418,['98012f03']
blk_8992626816092659826,['98012f03']
blk_7225301266481603731,['98012f03']
blk_-3911466865418055820,['98012f03']
blk_-1709606535283888232,['98012f03']
blk_5740615689780260922,['98012f03']
blk_2626057344048606017,['98012f03']
blk_6384439316405471171,['98012f03']
blk_-7724282460846954976,['98012f03']
blk_-760015977981369567,['98012f03']
blk_-4154362211643572668,['98012f03']
blk_-4043525878322523713,['98012f03']
blk_-3610057702150392748,['98012f03']
blk_-3039294462945223064,['98012f03']
blk_5356427838869009345,['98012f03']
blk_-1717088081766373300,['98012f03']
blk_8543991617360374935,['98012f03']
blk_2860897425785746911,['98012f03']
blk_-2081474832657208733,['98012f03']
blk_-6538449588297475521,['98012f03']
blk_-5415591001139074826,['98012f03']
blk_7159969052744592746,['98012f03']
blk_8879208244602324204,['98012f03']
blk_-8154516246083521409,['98012f03']
blk_7234346856930822716,['98012f03']
blk_-5524899010031625427,['98012f03']
blk_-488462739843441981,['98012f03']
blk_825124020036421636,['98012f03']
blk_-9194660123773136535,['98012f03']
blk_-622218131799806364,['98012f03']
blk_-7667535133893574689,['98012f03']
blk_7186692462976470823,['98012f03']
blk_-857151863616763327,['98012f03']
blk_-4833650023923869528,['98012f03']
blk_1237334407720045724,['98012f03']
blk_8521655806854586696,['98012f03']
blk_-3366974935992288326,['98012f03']
blk_-5215128860160823363,['98012f03']
blk_963252337613423037,['98012f03']
blk_-5784376901556131897,['98012f03']
blk_8296499240199635880,['98012f03']
blk_-5724970555730638200,['98012f03']
blk_-5012294311590635938,['98012f03']
blk_-4930257130609958866,['98012f03']
blk_-2947778702643296262,['98012f03']
blk_-4813738732036414715,['98012f03']
blk_-6802007379650646616,['98012f03']
blk_2698691234887375588,['98012f03']
blk_-1155882018729560343,['98012f03']
blk_-500678958150296008,['98012f03']
blk_-7200136644339435027,['98012f03']
blk_6865645438678864855,['98012f03']
blk_4466433199471909449,['98012f03']
blk_4029139044660806713,['98012f03']
blk_-8597840983621849778,['98012f03']
blk_-8892080524136798472,['98012f03']
blk_2209319141644287774,['98012f03']
blk_2004177185950968695,['98012f03']
blk_-1454962873426270839,['98012f03']
blk_-5195120009388265,['98012f03']
blk_1296823600557793869,['98012f03']
blk_991075908349619367,['98012f03']
blk_6449230045010995668,['98012f03']
blk_-5573393775847919985,['98012f03']
blk_4389340532803855247,['98012f03']
blk_7112727670634942639,['98012f03']
blk_-2165930080589343952,['98012f03']
blk_-5679835604685169040,['98012f03']
blk_5978265573904271474,['98012f03']
blk_-1052513063506891954,['98012f03']
blk_-5201149273969117873,['98012f03']
blk_1943146154560599630,['98012f03']
blk_3351984198891394382,['98012f03']
blk_8823112510768971040,['98012f03']
blk_-1937193099911148343,['98012f03']
blk_7693891282153136044,['98012f03']
blk_3335012758760643328,['98012f03']
blk_6708643067868168687,['98012f03']
blk_7237730029042141635,['98012f03']
blk_5537011318013544619,['98012f03']
blk_7067050654303940677,['98012f03']
blk_-4498808851217768984,['98012f03']
blk_8345415947062862337,['98012f03']
blk_4644812717442758529,['98012f03']
blk_-5471189807977280544,['98012f03']
blk_3382627815322561484,['98012f03']
blk_4633996820313194570,['98012f03']
blk_8406894133999850666,['98012f03']
blk_-6759123807563555545,['98012f03']
blk_-8040559034239258688,['98012f03']
blk_-2965258329365213675,['98012f03']
blk_4927011145115127531,['98012f03']
blk_-6987238639050161133,['98012f03']
blk_118950937507976810,['98012f03']
blk_7602939593939794410,['98012f03']
blk_5253889604362640423,['98012f03']
blk_-4124845864570823487,['98012f03']
blk_5406084276349645828,['e3df2680']
blk_2016964533702776852,['dc2c74b7']
blk_-1306900105984505600,['dba996ef']
blk_-1312981516354612257,['dba996ef']
blk_-2658615574293326723,['dba996ef']
blk_2107487634698646045,['dba996ef']
blk_-253282915050290778,['dba996ef']
blk_1587615395786683981,['dba996ef']
blk_3706543205492061794,['dba996ef']
blk_3862032846413436284,['dba996ef']
blk_4632283243694149854,['dba996ef']
blk_1018961650823645078,['dba996ef']
blk_1213582438865696738,['dba996ef']
blk_2473550781612396886,['dba996ef']
blk_8102707766842966459,['dba996ef']
blk_-352190670750948803,['dc2c74b7']
blk_6491888411266994867,['dba996ef']
blk_3336810835691486095,['dba996ef']
blk_4367982328407767477,['dba996ef']
blk_6943254721518837570,['dba996ef']
blk_6077744985764117617,['dba996ef']
blk_6975937964598933356,['dc2c74b7']
blk_5771906433100975293,['dba996ef']
blk_-3884471885525630813,['09a53393']
blk_8596624696139957935,"['09a53393', '3d91fa85']"
blk_-8483420270408348004,['5d5de21c']
blk_4506604798892399878,['dba996ef']
blk_1832308388558480,['3d91fa85']
blk_2247786307216183697,['e3df2680']
blk_-4289592006812254261,['dc2c74b7']
blk_5989505185938770383,['09a53393']
blk_3134656542322449478,['5d5de21c']
blk_-8050165297538775793,['32777b38']
blk_-3184700311670257792,['5d5de21c']
blk_5114572025256210948,['dc2c74b7']
blk_-8744988583359134013,['3d91fa85']
blk_4225726256421431188,['3d91fa85']
blk_1060814796407897179,['e3df2680']
blk_-1496429201748767714,['5d5de21c']
blk_-4684475480143348818,['dc2c74b7']
blk_608957629753483727,['3d91fa85']
blk_-7937864120968665564,['dc2c74b7']
blk_-4427507243535536615,['5d5de21c']
blk_7830067201550857864,['e3df2680']
blk_-2194976790278647102,['e3df2680']
blk_8459274965060101250,['dc2c74b7']
blk_1561008813520212225,['e3df2680']
blk_5963655886023015963,['5d5de21c']
blk_2377944115560974127,['09a53393']
blk_6030936529326346827,['dc2c74b7']
blk_3322875843051058970,['09a53393']
blk_-7269672042149855641,['dc2c74b7']
blk_-5214060566378896158,['5d5de21c']
blk_-4801855948459616884,['3d91fa85']
blk_-4846710336436578833,['e3df2680']
blk_-1522107359378428427,['e3df2680']
blk_-1846853350696018836,['e3df2680']
blk_-500534246236005335,['3d91fa85']
blk_-1236077201457689973,['e3df2680']
blk_8474920544984206742,['e3df2680']
blk_-6464763289185102366,['5d5de21c']
blk_-7646004878694144580,['09a53393']
blk_-41928108292416895,['dc2c74b7']
blk_-7389979618829759505,['09a53393']
blk_2096030750186708493,['dc2c74b7']
blk_-2345355483730155757,['5d5de21c']
blk_5834218936335592624,['e3df2680']
blk_-5504500392858491441,['dc2c74b7']
blk_4385764838827095986,['5d5de21c']
blk_-3710747952520609225,['dc2c74b7']
blk_707166530951154301,"['dc2c74b7', '5d5de21c']"
blk_2241654010576170013,['dc2c74b7']
blk_-8475679647841427708,['09a53393']
blk_-7794786562417612249,['5d5de21c']
blk_-2068111211565768713,['dc2c74b7']
blk_-7238035741206373733,['09a53393']
blk_5708405953850477535,['3d91fa85']
blk_2253084440592362960,['e3df2680']
blk_-8127580564011467092,['5d5de21c']
blk_-8568673600040025636,['dc2c74b7']
blk_621685330749869453,['5d5de21c']
blk_8663640697928077697,['5d5de21c']
blk_1508705816376906895,['dc2c74b7']
blk_-6441360440068187612,['e3df2680']
blk_2128110944185709079,['dc2c74b7']
blk_871974742726663441,['dc2c74b7']
blk_8049943837789435742,['dc2c74b7']
blk_-8246207776580662770,['dc2c74b7']
blk_3406384548372443486,['5d5de21c']
blk_2460145905812664251,['5d5de21c']
blk_-7207514537719465756,['e3df2680']
blk_5216491057643255876,['09a53393']
blk_4641147544753118391,['5d5de21c']
blk_-85872290979354091,['dc2c74b7']
blk_-8310554294841246175,['e3df2680']
blk_-7293871043749246063,['09a53393']
blk_3107521534415119817,['e3df2680']
blk_7194943883245628915,['e3df2680']
blk_-3816036740130815667,['e3df2680']
blk_-5450224419450631495,['e3df2680']
blk_5881782374981838094,['09a53393']
blk_7078766226078740026,['dc2c74b7']
blk_-7380871572601322244,['e3df2680']
blk_3846795603907041885,['09a53393']
blk_7922331746517419368,['e3df2680']
blk_155320394753274773,['e3df2680']
blk_-5722491454804415982,['dc2c74b7']
blk_-3482997549732691785,['e3df2680']
blk_6417614801998326532,['09a53393']
blk_-1090213273274684471,['e3df2680']
blk_-3738901473077208093,['09a53393']
blk_-4312777901444596370,['3d91fa85']
blk_6178964531181542074,['3d91fa85']
blk_8550326614414622861,['dc2c74b7']
blk_-6525012344542022819,['dc2c74b7']
blk_8861349372992394289,['3d91fa85']
blk_-1049340855430710153,['dc2c74b7']
blk_703049809255765647,['dc2c74b7']
blk_-7460532841070848624,['09a53393']
blk_-7623732795385061487,['09a53393']
blk_-7367386750462511488,['3d91fa85']
blk_-1237539644269634790,['5d5de21c']
blk_7713504868233504097,['09a53393']
blk_8005746184358076390,['5d5de21c']
blk_955083461510572332,['e3df2680']
blk_283922378823540530,['dc2c74b7']
blk_4471044334742081825,['d63ef163']
blk_-3671953658029337449,['d63ef163']
blk_-75893538967225087,['d63ef163']
blk_805187982300776163,['d63ef163']
blk_4631777956354958682,['d63ef163']
blk_-7595375726951801956,['d63ef163']
blk_-4681205519208992498,['d63ef163']
blk_5702487846232575705,['d63ef163']
blk_4834069779372284635,['d63ef163']
blk_3735517274901501821,['d63ef163']
blk_5018797996887008111,['d63ef163']
blk_-566178736644429906,['d63ef163']
blk_-8121498678081035000,['d63ef163']
blk_7996616083434301906,['09a53393']
blk_6888300867578983331,['dba996ef']
blk_7625391056418655045,['dc2c74b7']
blk_-8443921001690182522,['dba996ef']
blk_706826531153199550,['09a53393']
blk_-7446091384471755694,['dba996ef']
blk_-4352313989800650828,['dba996ef']
blk_-6292499669518281202,['dba996ef']
blk_-4582442491366282435,['dc2c74b7']
blk_-6750694665033046901,['dba996ef']
blk_-6131345369657245178,['dba996ef']
blk_-3575718350717794894,['dba996ef']
blk_-4380385204018751771,['dba996ef']
blk_-3594701313167635091,['dba996ef']
blk_-1693418636466747515,['dba996ef']
blk_5806397523737304814,['dba996ef']
blk_-1345585044778938153,['dba996ef']
blk_2489882700357182381,['dba996ef']
blk_-1800458850981311953,['dba996ef']
blk_6373260430960091026,['dba996ef']
blk_-1278725622357466169,['dba996ef']
blk_4513772639980123655,['dba996ef']
blk_1838564958520120941,['dba996ef']
blk_7985460426680885040,['dba996ef']
blk_2215517976324634098,['dba996ef']
blk_5453150794205420798,['dba996ef']
blk_-7522572236891389139,['5d5de21c']
blk_6163400028286940197,['dba996ef']
blk_7583807825342916938,['dba996ef']
blk_-5957060034695163774,['09a53393']
blk_-2250942073136893488,['09a53393']
blk_-3693786175267111588,['e3df2680']
blk_8384967715738359346,['dba996ef']
blk_-1948505589144820414,['5d5de21c']
blk_-6224982681533811277,['5d5de21c']
blk_-2843780069100181052,['5d5de21c']
blk_8083872765147994327,['09a53393']
blk_-6502143621885580798,['e3df2680']
blk_-8323785930877970805,['09a53393']
blk_-7587189852169913514,['dc2c74b7']
blk_7439201509602018752,['5d5de21c']
blk_3224184805694764748,['e3df2680']
blk_-7571492020523929240,['728076ac']
blk_1119272693889755844,['5d5de21c']
blk_1600228140214754078,['e3df2680']
blk_1473949624670719319,['d6b7b743']
blk_-7227576651324043655,['09a53393']
blk_-7606467001548719462,['dba996ef']
blk_2771018387166611008,['e3df2680']
blk_-2852294661215451806,['5d5de21c']
blk_7891129742741763034,['09a53393']
blk_8512974147315737844,['5d5de21c']
blk_427477290315080955,['e3df2680']
blk_-7630699912570186723,['e3df2680']
blk_1512136249403454074,['09a53393']
blk_8655748951361667770,['e3df2680']
blk_8487226415276391460,['dc2c74b7']
blk_-8162657657061473938,['09a53393']
blk_-4970213618915792510,['5d5de21c']
blk_9034824096129858680,['09a53393']
blk_-4775386099844009890,['e3df2680']
blk_-1533191386601391937,['3d91fa85']
blk_2096199637324483321,['dc2c74b7']
blk_3433046099598424314,['dc2c74b7']
blk_4170936278386288557,['5d5de21c']
blk_-3023983271692989109,['e3df2680']
blk_469126362137371425,['09a53393']
blk_3922791077126964673,['dc2c74b7']
blk_5813923864071791162,['e3df2680']
blk_7412933088374169877,['dc2c74b7']
blk_-3888538223380979891,['5d5de21c']
blk_-5970165518655489569,['e3df2680']
blk_-7319442762668598889,['dc2c74b7']
blk_5844313985011885282,['3d91fa85']
blk_4531288786306744275,['3d91fa85']
blk_-3845286823494684378,['e3df2680']
blk_6170586659371027531,['5d5de21c']
blk_-808401720390253471,['dc2c74b7']
blk_1447281351164457761,['5d5de21c']
blk_-7911408976820434495,['09a53393']
blk_-5455316994110506037,['5d5de21c']
blk_-917268749136585019,['dc2c74b7']
blk_1122812501843755360,['09a53393']
blk_5983149244832683042,['09a53393']
blk_-5263787695149681326,['dc2c74b7']
blk_5781019224640206392,['09a53393']
blk_4786794545180705888,['dc2c74b7']
blk_1303107722036031233,['5d5de21c']
blk_4539833452749813987,['e3df2680']
blk_703387617548630438,['dc2c74b7']
blk_5689516499354445029,['dc2c74b7']
blk_-4595094649363595358,['5d5de21c']
blk_-1733026139299872187,['09a53393']
blk_-1910608563003942187,['dc2c74b7']
blk_-1101091099241306483,['3d91fa85']
blk_7901008236334420364,['dc2c74b7']
blk_2119401975697524206,['5d5de21c']
blk_6204056282927975796,['dc2c74b7']
blk_215466486430758887,['dc2c74b7']
blk_-3055230140330616860,['3d91fa85']
blk_4473390551542202999,['5d5de21c']
blk_-5581540863377925517,['3d91fa85']
blk_7864850143895703065,['e3df2680']
blk_423916008836295480,['5d5de21c']
blk_2166777223671724319,['09a53393']
blk_4031738712701565209,['e3df2680']
blk_1910319264393500537,['3d91fa85']
blk_-8789402864074203800,['e3df2680']
blk_5733038550092620376,['5d5de21c']
blk_8215843708467112607,['3d91fa85']
blk_-954856062493437881,['e3df2680']
blk_241585185788373386,['e3df2680']
blk_3808164640986377400,['09a53393']
blk_-6719337521981113643,['e3df2680']
blk_-23492739449820023,['5d5de21c']
blk_-8969188698416564850,['dc2c74b7']
blk_-5144548163293169177,['dc2c74b7']
blk_-2895171018912807248,['5d5de21c']
blk_-5892603381347650390,['09a53393']
blk_7908524857056299716,['3d91fa85']
blk_3492869167398569662,['d63ef163']
blk_-3894803026385053344,['d63ef163']
blk_-7873581794069372986,['d63ef163']
blk_2060553104861908174,['d63ef163']
blk_-6783506473540833076,['d63ef163']
blk_-8863130543753323383,['d63ef163']
blk_-8769398708439834546,['d63ef163']
blk_-3316519570098743145,['d63ef163']
blk_-6068451475575444798,['d63ef163']
blk_-7709713535298137702,['d63ef163']
blk_-1030832046197982436,['d63ef163']
blk_4738781172941319823,['d63ef163']
blk_2869833078504290822,['d63ef163']
blk_-6261136177206340449,['d63ef163']
blk_-1755309160709170318,['d63ef163']
blk_-8312238797251504127,['d63ef163']
blk_2713941272199175167,['d63ef163']
blk_-7846283874350947646,['d63ef163']
blk_-793506372912437289,['d63ef163']
blk_-5293091556505218722,['d63ef163']
blk_4516306414837452219,['d63ef163']
blk_-8792837405349224102,['dba996ef']
blk_-8131422413299851907,['dba996ef']
blk_-2268477281422551537,['dc2c74b7']
blk_-6177194341369822651,['dba996ef']
blk_1369784431092292099,['dba996ef']
blk_-8060252929692927663,['dba996ef']
blk_-5344266425789048231,['dba996ef']
blk_-2518425063392446785,['dba996ef']
blk_-5598693099021996971,['dba996ef']
blk_901963876338651405,['dba996ef']
blk_-2722768686407017386,['dba996ef']
blk_92946806844541836,['dba996ef']
blk_1824928871191121429,['dba996ef']
blk_-4301178988618507084,['dba996ef']
blk_-2098161025946048013,['dba996ef']
blk_-1451819169209310732,['dba996ef']
blk_2403370969415186087,['dba996ef']
blk_5701964561533648583,['dba996ef']
blk_4007982883396598426,['dba996ef']
blk_-3724350946705225881,['5d5de21c']
blk_6051144263842600010,['dba996ef']
blk_8436095180790908547,['dba996ef']
blk_5100975846124291571,['dba996ef']
blk_-4941547144875557718,['dba996ef']
blk_6791628131402590260,['dc2c74b7']
blk_-6308508598639278892,['5d5de21c']
blk_6585429064641693815,['09a53393']
blk_6000837850922531821,['e3df2680']
blk_7330803663603700184,['e3df2680']
blk_-5613694521084380933,['3d91fa85']
blk_-4967783186426171722,['09a53393']
blk_-1970947032352756307,['5d5de21c']
blk_5894088883762961800,['3d91fa85']
blk_-4861262918414696307,['09a53393']
blk_2583600095045026513,['09a53393']
blk_7872746846750105239,['e3df2680']
blk_-3510473878877779134,['5d5de21c']
blk_167132135416677587,['415a1760']
blk_-3757501769775889193,['415a1760']
blk_-7168328752988473716,['415a1760']
blk_-154600013573668394,['415a1760']
blk_2654596473569751784,['415a1760']
blk_-9016567407076718172,['415a1760']
blk_-4355192005224403537,['415a1760']
blk_5202581916713319258,['415a1760']
blk_-8695715290502978219,['415a1760']
blk_-2808875502459981198,['dba996ef']
blk_34905976850091068,['dc2c74b7']
blk_4774383661473695119,['e3df2680']
blk_465845235850106928,['09a53393']
blk_8882415653769775762,['dc2c74b7']
blk_4207359722112667226,['dc2c74b7']
blk_-3152434225121092058,['3d91fa85']
blk_4820650745157199554,['09a53393']
blk_-6390296685077811803,['5d5de21c']
blk_9173199815015538212,['dba996ef']
blk_-8948316319329891645,['3d91fa85']
blk_-6314365697827006048,['5d5de21c']
blk_-3522956055443924791,['3d91fa85']
blk_5454423648092670683,['dc2c74b7']
blk_4565822428702518889,['dc2c74b7']
blk_-409558225151784282,['5d5de21c']
blk_-3967261531426400230,['dc2c74b7']
blk_-4655280636272058732,['09a53393']
blk_-5799866343936729403,['dc2c74b7']
blk_4214952053910973364,['3d91fa85']
blk_-6135061626100136978,['09a53393']
blk_-5057534532247887258,['09a53393']
blk_9103049989653819836,['e3df2680']
blk_-4365612131648152536,['09a53393']
blk_3598226258881465924,['09a53393']
blk_3378157549705391333,['dc2c74b7']
blk_-8347949825960763812,['32777b38']
blk_-2934265883100282310,['e3df2680']
blk_1259893634804870815,['dc2c74b7']
blk_412956398445037066,['dc2c74b7']
blk_-9167880724995702718,['e3df2680']
blk_-7764040409370932316,['09a53393']
blk_931297048899943584,['09a53393']
blk_2833019093942278701,['dc2c74b7']
blk_-5785220384376578831,['e3df2680']
blk_3386670145292909259,['e3df2680']
blk_1859772752119590543,['09a53393']
blk_2630223487595425525,['3d91fa85']
blk_-5385105076403314787,['e3df2680']
blk_-5343533992609553091,['3d91fa85']
blk_-4390972361898978900,['3d91fa85']
blk_1190791818440776717,['e3df2680']
blk_-7202857144668308473,['e3df2680']
blk_5565611615515783341,['09a53393']
blk_-3283153974358895314,['e3df2680']
blk_-1484647023667047838,['dc2c74b7']
blk_7474737521119026445,['5d5de21c']
blk_-8571819028995448536,['09a53393']
blk_-8428590803682810851,['5d5de21c']
blk_8716294289715825928,['3d91fa85']
blk_8527475857502481768,['5d5de21c']
blk_406835586147450451,['dc2c74b7']
blk_7294821275446427348,['e3df2680']
blk_1793140687921032046,['5d5de21c']
blk_4361294871479973840,['5d5de21c']
blk_-6945615463687647586,['5d5de21c']
blk_1216611589160220108,['dc2c74b7']
blk_-3265479347842446682,['09a53393']
blk_8527562124953828227,['5d5de21c']
blk_2749066163012162435,['5d5de21c']
blk_-1305222006484630743,['5d5de21c']
blk_-3702595599317472079,['e3df2680']
blk_6446927133528675675,['e3df2680']
blk_2015610615789582788,['5d5de21c']
blk_-2959268996938658555,['5d5de21c']
blk_-1082541280306680938,['dba996ef']
blk_-191333338640084691,['dc2c74b7']
blk_3972778210951456006,['09a53393']
blk_1408672604432845193,['dc2c74b7']
blk_7679838117000095334,['e3df2680']
blk_2593937801738981947,['5d5de21c']
blk_5489815612272797790,['5d5de21c']
blk_6451403582950672007,['5d5de21c']
blk_-7048088870427586736,['09a53393']
blk_7589872946955471867,['e3df2680']
blk_-178934379749864379,['09a53393']
blk_2026200052147887341,['dc2c74b7']
blk_8303284829424905326,['09a53393']
blk_5646792755154529338,['5d5de21c']
blk_712730845180531820,['dc2c74b7']
blk_8418106412701718933,['dc2c74b7']
blk_-6325232815283133921,['5d5de21c']
blk_-800664075087524591,['dc2c74b7']
blk_6516880861186877710,['e3df2680']
blk_-3228470001178394592,['dc2c74b7']
blk_-8426741581316629266,['3d91fa85']
blk_-762982068597249045,['5d5de21c']
blk_-5224756755359850354,['09a53393']
blk_-1440254020029439248,['e3df2680']
blk_1441315972355360459,['5d5de21c']
blk_-9001895211102825241,['dc2c74b7']
blk_-2025617675484194470,['dc2c74b7']
blk_-1592043549272047369,['e3df2680']
blk_2583125615128303019,['09a53393']
blk_4198733391373026104,['09a53393']
blk_-5815145248455404269,['e3df2680']
blk_-295306975763175640,['09a53393']
blk_5225719677049010638,['dc2c74b7']
blk_4343207286455274569,['09a53393']
